DispImage,direction,a,b,c,d,e,f,g,h,i,j,k,l,m,n,o,p
Images/Fern_A0.png,1,0.861596,1.215362,0.944904,0.850377,0.712365,0.782244,0.577371,0.327239,1.528433,0.798842,0.994493,0.749197,0.761017,0.709433,0.458481,0.709433
Images/Fern_A0.png,0,0.980288,0.778562,0.561961,0.511457,0.811183,0.76084,0.614169,0.532539,1.191626,0.629757,0.992812,0.84957,0.828584,0.514162,0.410344,0.514162
Images/Fern_A0.png,2,1.243279,0.594972,0.410028,0.610278,0.77671,0.659098,0.678782,0.545275,1.278048,1.378201,0.926357,0.445675,0.57253875,0.66520636,0.42784,1.187895
Images/Fern_A0.png,2,0.893457,0.725191,0.427686,0.559706,0.859244,0.733477,0.645268,0.661343,1.226496,1.328601,0.931159,0.326172,0.69441015,0.63236264,0.399219,0.88036
Images/Fern_A100.png,1,4.193562,2.994959,0.925878,0.544063,0.909137,0.794163,0.544461,0.366128,1.128631,0.727127,0.962567,0.928024,0.849323,0.464533,0.413337,0.464533
Images/Fern_A100.png,0,0.931569,0.7435,0.427232,0.378118,0.793647,0.911733,0.664306,0.377296,0.861213,0.547039,0.678539,0.508657,0.494774,0.669472,0.396013,0.669472
Images/Fern_A100.png,2,0.531614,0.756308,0.645229,0.543645,0.880398,0.746725,0.628756,0.460821,1.295035,1.761363,1.74434,0.726462,0.48386205,0.61618088,0.378636,0.89377
Images/Fern_A100.png,2,1.227791,0.628032,0.577397,0.409348,0.744154,0.593964,0.611688,0.531982,1.377685,0.681414,0.859667,0.829376,0.5585811,0.59945424,0.446097,1.061212
Images/Fern_A12800.png,1,5.332558,2.095654,0.645622,0.611992,1.026554,0.812393,0.616199,0.332585,0.929594,0.581428,0.827114,0.427645,0.51284,0.478319,0.394465,0.478319
Images/Fern_A12800.png,0,3.129375,0.927366,0.460288,0.711313,0.797891,0.963334,0.560421,0.397398,1.093847,0.878143,1.078273,1.045422,0.896823,0.712476,0.458502,0.712476
Images/Fern_A12800.png,2,3.47839,0.811742,0.84916,0.478424,0.860795,0.945059,0.540897,0.592484,1.46199,1.344416,1.029312,0.694906,0.6221082,0.53007906,0.415447,1.395106
Images/Fern_A12800.png,2,6.513505,0.731073,0.39513,0.728171,0.694422,0.825316,0.666398,0.475282,1.139195,1.11371,1.179233,0.510277,0.4990461,0.65307004,0.394326,0.794761
Images/Fern_A1600.png,1,4.997603,1.662006,0.559932,0.496102,0.727076,0.728177,0.545219,0.294267,1.178653,0.666083,0.861837,0.510559,0.447224,0.429057,0.391303,0.429057
Images/Fern_A1600.png,0,0.581241,0.911184,0.42785,0.328672,0.763683,0.726335,0.592974,0.34316,1.062586,0.64441,0.828218,0.477691,0.56451,0.426395,0.411709,0.426395
Images/Fern_A1600.png,2,0.489779,0.86402,0.81136,0.378464,0.827306,0.710931,0.809669,0.483189,1.337723,0.826389,1.493797,0.711474,0.50734845,0.79347562,0.377677,0.89367
Images/Fern_A1600.png,2,2.647314,0.677293,0.761048,0.426273,0.908547,0.776732,0.510763,0.481626,1.078716,1.128918,0.811665,0.509651,0.5057073,0.50054774,0.443551,1.111078
Images/Fern_A200.png,1,6.55042,2.211757,0.665106,0.407503,0.882061,0.710575,0.529378,0.311387,1.177891,0.760115,0.909764,0.444797,0.593712,0.411508,0.381997,0.411508
Images/Fern_A200.png,0,0.595256,0.762796,0.479523,0.39529,0.846558,0.832655,0.547384,0.360127,0.880758,0.579534,0.711043,0.728208,0.495541,0.447697,0.394684,0.447697
Images/Fern_A200.png,2,0.861791,0.592676,0.779457,0.428171,0.778629,0.676918,0.594278,0.580114,0.778415,1.312829,1.028031,0.744438,0.6091197,0.58239244,0.393771,0.9105
Images/Fern_A200.png,2,0.798069,0.761223,0.643266,0.67767,0.733863,0.779437,0.561684,0.727509,0.999496,0.909851,0.909922,0.577946,0.76388445,0.55045032,0.39619,1.098122
Images/Fern_A3200.png,1,1.880344,1.061363,0.527893,0.477941,0.74451,1.049597,0.593744,0.328606,1.146499,0.593093,0.877958,0.545366,0.496719,0.52765,0.394538,0.52765
Images/Fern_A3200.png,0,1.009624,1.02841,0.412628,0.360715,0.762315,0.982843,0.494275,0.427216,0.927819,0.61716,0.844359,0.477916,0.430479,0.428004,0.395168,0.428004
Images/Fern_A3200.png,2,4.418558,0.727938,0.845564,0.762097,0.911633,0.699109,0.661443,0.679188,1.027104,2.046091,0.774745,0.626491,0.7131474,0.64821414,0.377133,0.992931
Images/Fern_A3200.png,2,1.245016,0.628652,0.427367,0.377815,0.799358,0.699132,0.646006,0.45889,1.09468,0.894303,1.097558,0.649556,0.4818345,0.63308588,0.411243,0.979951
Images/Fern_A400.png,1,5.412209,1.995468,0.660844,0.444428,0.759699,0.746792,0.575578,0.343686,1.194999,0.698248,0.963168,0.544482,0.546612,0.380614,0.444751,0.380614
Images/Fern_A400.png,0,0.59776,0.911009,0.494338,0.327535,0.777484,0.860558,0.615483,0.493921,0.935158,0.664791,0.84481,0.462914,0.494473,0.411707,0.410982,0.411707
Images/Fern_A400.png,2,1.928901,0.728123,0.49419,0.3785,0.815493,0.899873,0.533947,0.632493,1.011368,1.528913,1.296385,0.411299,0.66411765,0.52326806,0.392207,1.564929
Images/Fern_A400.png,2,0.561349,0.561569,0.461693,0.512239,0.843289,0.782207,0.644148,0.492927,1.310634,0.728505,0.711662,0.731998,0.51757335,0.63126504,0.395368,0.894081
Images/Fern_A6400.png,1,5.448737,1.761692,0.46161,0.793517,0.92795,0.928874,0.577301,0.327554,1.077141,0.658879,0.828685,0.710603,0.463836,0.52834,0.411587,0.52834
Images/Fern_A6400.png,0,1.928447,1.12812,0.444149,0.393814,0.845023,0.731304,0.612398,0.411204,1.028456,0.725925,0.861205,0.510394,0.512877,0.394292,0.381894,0.394292
Images/Fern_A6400.png,2,3.295976,0.627109,0.61158,0.578275,0.932569,0.730505,0.544678,0.576594,0.480262,2.191996,1.796831,1.345696,0.6054237,0.53378444,0.410067,1.210216
Images/Fern_A6400.png,2,5.31301,0.698193,0.476749,0.495607,0.895504,0.946432,0.627834,0.442371,1.125777,0.844529,0.815658,0.711887,0.46448955,0.61527732,0.395223,1.06641
Images/Fern_A800.png,1,5.68124,1.627235,0.562899,0.374232,0.764679,0.714334,0.56513,0.311087,1.159878,0.693799,0.794118,0.527757,0.479719,0.46153,0.378702,0.46153
Images/Fern_A800.png,0,0.575498,1.144476,0.427586,0.361335,0.827867,0.798845,0.579532,0.432849,0.977352,0.592793,0.711969,0.460887,0.446168,0.430191,0.362137,0.430191
Images/Fern_A800.png,2,1.028383,0.545204,0.443277,0.26177,0.861144,0.843082,0.543428,0.496245,0.878888,1.195241,1.547668,0.431892,0.52105725,0.53255944,0.39412,0.710845
Images/Fern_A800.png,2,3.145721,0.578745,0.395644,0.465732,0.875773,0.745467,0.52856,0.53374,1.499694,0.711211,1.112297,0.478262,0.560427,0.5179888,0.394234,1.113742
Images/Fern_B0.png,1,1.028374,1.595559,0.643394,0.425702,0.746939,0.844018,0.575356,0.59418,1.52772,0.944561,0.877165,0.89587,1.126655,0.811854,0.443615,0.811854
Images/Fern_B0.png,0,0.745421,0.910905,0.640933,0.396522,0.725716,0.782626,0.593965,0.648888,1.26165,0.693049,0.911745,0.743109,0.360252,0.628305,0.397145,0.628305
Images/Fern_B0.png,2,0.681069,0.944659,0.745603,0.414404,0.932755,0.944546,0.761369,0.661255,1.32871,0.995802,1.213288,0.714236,0.69431775,0.74614162,0.426624,1.1307
Images/Fern_B0.png,2,0.945376,0.694411,0.744998,0.494621,0.895297,0.979524,0.744646,0.613508,0.978366,1.361539,0.987842,0.826442,0.6441834,0.72975308,0.428718,0.792891
Images/Fern_B100.png,1,1.730295,1.812422,0.665969,0.416642,0.659867,0.780939,0.580343,0.462443,1.730014,0.844568,1.081121,1.477896,1.080348,0.56098,0.446881,0.56098
Images/Fern_B100.png,0,0.611469,0.961918,0.629279,0.359598,0.728664,0.675976,0.594635,0.358277,1.077519,0.778632,0.82702,0.510347,0.462128,0.694328,0.377146,0.694328
Images/Fern_B100.png,2,4.744061,0.977805,0.979294,0.409945,0.847943,0.615484,0.676128,0.714445,0.993064,1.426688,1.560241,0.578279,0.75016725,0.66260544,0.393997,1.045399
Images/Fern_B100.png,2,0.575769,0.576954,0.744797,0.393003,0.793262,0.697629,0.595794,0.495932,0.776516,0.695338,1.011232,0.461296,0.5207286,0.58387812,0.42796,1.011512
Images/Fern_B12800.png,1,2.797759,0.865571,1.145209,0.411965,0.629734,0.650052,0.628004,0.4308,1.209143,0.761284,1.061726,0.814937,0.74512,0.516714,0.392514,0.516714
Images/Fern_B12800.png,0,2.31495,0.778005,0.527172,0.578302,0.775987,0.829594,0.645583,0.412254,1.348381,0.727022,1.127531,0.993828,0.72754,0.743487,0.382144,0.743487
Images/Fern_B12800.png,2,0.845579,0.561319,1.011205,0.494406,0.710461,0.981681,0.861329,0.646154,1.428768,1.034781,2.428048,0.994598,0.6784617,0.84410242,0.527562,0.997966
Images/Fern_B12800.png,2,1.029016,1.495515,0.746213,0.627038,0.796429,0.582315,0.827967,0.824435,1.295065,1.861848,1.462078,0.794652,0.86565675,0.81140766,0.391312,0.742423
Images/Fern_B1600.png,1,2.097939,0.922353,0.377017,0.36209,0.780992,0.883092,0.558781,0.412106,1.49631,0.744181,1.17824,0.693844,1.356986,0.494846,0.410876,0.494846
Images/Fern_B1600.png,0,0.438884,0.977039,0.66102,0.311361,0.66038,0.662922,0.476048,0.392611,1.243138,0.694749,0.912506,0.411754,0.447209,0.412404,0.394967,0.412404
Images/Fern_B1600.png,2,0.649227,0.529275,0.476351,0.695538,0.762099,0.975589,0.710905,0.643308,1.093823,0.794391,2.112074,0.38078,0.6754734,0.6966869,0.398851,1.761001
Images/Fern_B1600.png,2,0.628518,1.097378,0.612303,0.493263,0.711751,0.67826,0.766784,0.593104,1.278134,0.944216,1.528156,0.511978,0.6227592,0.75144832,0.378621,1.261185
Images/Fern_B200.png,1,2.448371,0.927192,0.442058,0.478834,0.714783,0.74438,0.630436,0.376166,1.675676,0.810962,1.045367,0.610978,1.364907,0.478078,0.378315,0.478078
Images/Fern_B200.png,0,0.478587,0.928292,0.676809,0.366764,0.663386,0.712617,0.527338,0.345088,1.261514,0.627739,0.943619,0.460833,0.581521,0.443823,0.410005,0.443823
Images/Fern_B200.png,2,1.079803,0.762383,0.461714,0.511834,0.844251,0.81251,0.695376,0.760313,0.965031,0.929604,2.362747,0.661765,0.79832865,0.68146848,0.410057,0.944802
Images/Fern_B200.png,2,0.711462,0.528967,0.476229,0.295226,0.713095,0.812244,0.727207,0.579963,0.829381,1.394544,1.226721,0.526056,0.60896115,0.71266286,0.361309,1.063514
Images/Fern_B3200.png,1,2.728163,0.727772,0.427984,0.361354,0.898542,0.760304,0.600336,0.444944,1.528731,0.745131,1.027323,0.643292,0.565482,0.431646,0.410854,0.431646
Images/Fern_B3200.png,0,0.659033,0.845987,0.678788,0.326999,0.679088,0.63106,0.566948,0.382717,1.129414,0.695812,0.977266,0.920679,0.380634,0.395373,0.428399,0.395373
Images/Fern_B3200.png,2,1.794653,0.581534,0.544324,0.410519,0.762145,0.79437,0.843838,0.716636,1.077965,0.977753,2.509848,0.49301,0.7524678,0.82696124,0.395266,1.411839
Images/Fern_B3200.png,2,0.612453,0.57798,0.87684,0.512296,0.877341,0.913119,0.679212,0.793534,1.128102,1.427187,1.643444,0.763698,0.8332107,0.66562776,0.394795,1.195118
Images/Fern_B400.png,1,1.012769,1.931373,0.399676,0.359886,0.725696,0.765773,0.582759,0.409319,1.651147,0.828924,0.980296,0.71246,1.245172,0.428121,0.410842,0.428121
Images/Fern_B400.png,0,0.644773,1.998725,0.762928,0.359436,0.659324,0.581712,0.56091,0.346957,1.261329,0.711124,0.949531,0.565457,0.725238,0.4295,0.376434,0.4295
Images/Fern_B400.png,2,0.628888,0.627995,0.678014,0.563199,0.809193,0.661316,0.712507,0.578591,1.260913,1.025636,1.294922,0.660875,0.60752055,0.69825686,0.411724,1.144349
Images/Fern_B400.png,2,0.779072,0.795026,0.712407,0.943864,0.778021,0.529497,0.594525,0.841246,0.944915,0.780436,1.644209,0.944022,0.8833083,0.5826345,0.412227,0.546418
Images/Fern_B6400.png,1,7.01236,1.794417,0.760835,0.344417,0.76094,0.707851,0.678408,0.409354,1.293928,0.745361,1.128154,0.612731,0.69392,0.692445,0.395443,0.692445
Images/Fern_B6400.png,0,1.251738,0.893788,0.761474,0.562108,0.646514,0.64287,0.592465,0.494141,1.162181,0.777038,0.961559,0.463719,0.542814,0.361473,0.394616,0.361473
Images/Fern_B6400.png,2,1.011154,0.791843,0.945535,0.327553,0.59792,0.660458,0.695433,0.611992,1.278219,1.228531,2.097437,0.660898,0.6425916,0.68152434,0.376308,0.881774
Images/Fern_B6400.png,2,1.81278,0.765006,0.479995,0.66518,0.666265,0.809312,0.645093,0.571414,1.512024,1.064096,1.480112,0.629375,0.5999847,0.63219114,0.528509,0.948055
Images/Fern_B800.png,1,0.447154,1.020335,0.6118,0.295158,0.730605,0.795876,0.695613,0.565559,1.54288,0.795197,1.146024,0.628093,1.496265,0.460191,0.411925,0.460191
Images/Fern_B800.png,0,0.426505,1.06231,0.844017,0.378505,0.712303,0.612136,0.616495,0.361561,1.178775,0.595352,1.02778,0.453403,0.561804,0.426477,0.394726,0.426477
Images/Fern_B800.png,2,0.827128,0.544934,0.665955,0.562035,0.678837,0.493222,0.7598,0.562403,1.032376,1.127811,1.893887,0.697561,0.59052315,0.744604,0.39443,1.178831
Images/Fern_B800.png,2,0.525807,0.476528,0.461021,0.394205,0.711105,0.648059,0.716597,0.799341,1.42778,1.094362,1.162645,0.543842,0.83930805,0.70226506,0.382709,0.878415
Images/Fractal_Curves_A0.png,1,2.454904,1.438282,1.267164,0.80669,0.521043,0.762746,0.581332,0.41299,0.827612,0.832037,0.621334,0.530561,1.245311,0.693479,0.462665,0.693479
Images/Fractal_Curves_A0.png,0,2.177585,1.394762,0.726938,0.348489,0.763026,0.976864,0.588709,0.530312,0.828593,0.69462,0.712473,0.694831,0.795945,0.411151,0.39463,0.411151
Images/Fractal_Curves_A0.png,2,2.240607,0.858508,0.660453,0.562999,0.95688,0.68139,0.709135,0.595687,0.86192,1.662236,1.129327,0.795599,0.62547135,0.6949523,0.414163,1.196634
Images/Fractal_Curves_A0.png,2,0.865279,0.78128,0.661499,0.628604,0.810687,0.661768,0.658861,0.559508,0.810866,1.995119,0.978186,0.62719,0.5874834,0.64568378,0.36221,0.993475
Images/Fractal_Curves_A1.png,1,3.190945,1.716639,1.375216,1.167124,0.697391,0.886066,0.511175,0.411892,0.82914,0.944575,0.86332,0.49707,0.74393,0.477987,0.347932,0.477987
Images/Fractal_Curves_A1.png,0,1.095245,1.178608,0.62761,0.277168,0.747681,1.028445,0.544843,0.461871,0.861157,0.68064,0.593574,0.544606,0.562034,0.42818,0.394893,0.42818
Images/Fractal_Curves_A1.png,2,4.748199,0.778601,0.610894,0.528307,0.915095,0.8954,0.750197,0.567056,1.011829,1.060483,2.115583,0.710912,0.5954088,0.73519306,0.377827,0.911974
Images/Fractal_Curves_A1.png,2,0.624134,0.542859,0.645352,0.461357,0.99815,0.829026,0.727556,0.659837,0.860095,1.0968,1.246104,1.079362,0.69282885,0.71300488,0.394088,1.009165
Images/Fractal_Curves_A2.png,1,3.629646,2.978908,0.894631,1.111255,0.71745,0.82765,0.543694,0.46151,0.861532,1.109914,0.540032,0.516573,1.011422,0.476787,0.445937,0.476787
Images/Fractal_Curves_A2.png,0,1.343931,1.628096,0.715115,0.478199,0.677595,0.879879,0.594905,0.494377,0.877699,0.712145,0.795187,0.494192,0.610159,0.461614,0.379506,0.461614
Images/Fractal_Curves_A2.png,2,0.562213,0.762958,0.528628,0.429254,0.481581,0.96234,0.749289,0.527183,0.764828,1.458688,1.628077,0.962134,0.55354215,0.73430322,0.420031,1.095272
Images/Fractal_Curves_A2.png,2,1.830735,0.61259,0.462265,0.343798,0.942789,0.711568,0.628243,0.517138,0.795562,1.444887,0.765332,0.877353,0.5429949,0.61567814,0.361046,0.626333
Images/Fractal_Curves_A3.png,1,5.245218,2.41113,1.242687,0.444578,0.727161,0.878045,0.545718,0.545161,0.844789,1.013186,0.778799,0.518757,0.826577,0.482866,0.328701,0.482866
Images/Fractal_Curves_A3.png,0,2.328522,3.845276,0.658701,0.261344,0.661873,0.911743,0.529538,0.444973,0.727705,0.694165,0.582576,0.578287,0.443597,0.411181,0.344306,0.411181
Images/Fractal_Curves_A3.png,2,4.138495,1.3716,0.827009,0.705233,1.132716,1.08931,0.733903,0.51017,0.694659,0.981372,1.111349,0.545865,0.5356785,0.71922494,0.378426,1.211102
Images/Fractal_Curves_A3.png,2,1.12825,0.746695,0.866756,0.460216,0.682479,0.747648,0.701298,0.533237,2.161314,1.495295,1.044884,0.845711,0.55989885,0.68727204,0.39482,0.928561
Images/Fractal_Curves_A4.png,1,6.949836,2.615672,1.333723,0.411573,0.728781,0.981551,0.493553,0.527466,1.044183,0.913653,0.692464,0.816362,1.148665,0.44415,0.378181,0.44415
Images/Fractal_Curves_A4.png,0,5.496962,1.679667,0.744853,0.42822,0.8498,0.912606,0.560273,0.44442,0.843994,0.695988,0.745638,0.427956,0.428434,0.494944,0.37665,0.494944
Images/Fractal_Curves_A4.png,2,3.129108,0.826471,0.828596,0.694627,1.011984,0.848877,0.826787,0.532448,2.060967,0.799517,0.859125,0.576156,0.5590704,0.81025126,0.380046,1.030291
Images/Fractal_Curves_A4.png,2,2.646186,0.611519,0.499752,0.378355,0.811408,0.879322,0.678271,0.492509,0.611051,1.761492,0.626009,0.56005,0.51713445,0.66470558,0.39014,0.963905
Images/Fractal_Curves_A5.png,1,4.029552,3.278293,0.876901,0.377299,1.029682,1.077159,0.57887,0.478171,1.177764,0.829523,0.848021,0.478026,0.54427,0.860907,0.394671,0.860907
Images/Fractal_Curves_A5.png,0,4.561626,2.094822,0.800728,0.311728,1.048117,1.226681,0.528241,0.711335,1.029604,0.698348,0.81019,0.795514,0.945505,0.428787,0.345149,0.428787
Images/Fractal_Curves_A5.png,2,4.846054,0.711993,0.942082,0.360027,0.92711,0.712317,0.761357,0.495659,0.693579,1.615345,0.812804,0.627757,0.52044195,0.74612986,0.41255,1.112435
Images/Fractal_Curves_A5.png,2,1.811812,0.732242,0.528554,0.328455,0.829369,0.811431,0.74276,0.498815,0.545886,0.960741,1.896353,0.828179,0.52375575,0.7279048,0.395348,0.849324
Images/Fractal_Curves_B0.png,1,1.562052,1.445549,0.861719,0.32759,0.799241,1.048038,0.511837,0.397092,0.839776,0.827982,0.760394,0.927438,0.981175,0.748773,0.412793,0.748773
Images/Fractal_Curves_B0.png,0,0.728358,1.247569,0.577985,0.39647,0.682197,0.793483,0.594387,0.366332,0.628389,0.879968,0.639829,0.728733,0.679839,0.565628,0.395575,0.565628
Images/Fractal_Curves_B0.png,2,0.978344,0.794743,1.126285,0.358544,0.861531,0.629874,0.678226,0.494968,0.928423,1.296962,1.500168,0.946888,0.5197164,0.66466148,0.413362,0.911124
Images/Fractal_Curves_B0.png,2,0.645266,0.6131,0.827972,0.64257,0.776412,0.69319,0.76234,0.691166,0.84476,1.360579,1.984094,0.52691,0.7257243,0.7470932,0.396049,1.028114
Images/Fractal_Curves_B1.png,1,4.079791,3.396211,0.811822,0.344413,0.761108,1.15956,0.611223,0.392605,0.759245,0.827709,0.748341,0.495062,1.095941,0.5115,0.395501,0.5115
Images/Fractal_Curves_B1.png,0,1.094369,1.610343,0.594316,0.427061,1.093616,0.82931,0.495594,0.358962,0.831785,0.808252,0.635584,0.480263,0.493713,0.51001,0.431571,0.51001
Images/Fractal_Curves_B1.png,2,0.99556,0.760664,0.612849,0.477151,0.730544,0.894669,0.614977,0.526051,0.960113,1.960677,0.727483,1.248746,0.55235355,0.60267746,0.397842,1.011387
Images/Fractal_Curves_B1.png,2,0.794916,0.57695,0.645801,0.512594,0.780868,1.026233,0.728811,0.604959,1.012074,1.49542,0.83022,0.745388,0.63520695,0.71423478,0.414096,0.764142
Images/Fractal_Curves_B2.png,1,5.944925,2.444972,0.72574,0.327921,0.943407,0.930017,0.561269,0.381902,1.032019,0.878071,0.744394,0.461415,0.980389,0.494987,0.396852,0.494987
Images/Fractal_Curves_B2.png,0,1.261227,2.378282,0.77869,0.345657,0.760159,0.896864,0.527802,0.362456,0.976312,0.913076,0.797933,0.487188,0.344853,0.562346,0.396686,0.562346
Images/Fractal_Curves_B2.png,2,1.994872,0.677759,0.510776,0.466781,0.850263,0.981927,0.644006,0.494327,0.980567,1.609732,1.878499,1.627038,0.51904335,0.63112588,0.396458,0.845154
Images/Fractal_Curves_B2.png,2,1.377511,0.596277,0.895588,0.744832,0.790902,0.778791,0.675663,0.513431,0.877734,1.213807,0.728713,0.829445,0.53910255,0.66214974,0.396566,1.048595
Images/Fractal_Curves_B3.png,1,7.851937,2.812753,0.781464,0.325989,0.946923,0.832272,0.51182,0.563307,1.143144,0.827996,0.894702,0.710119,1.601692,0.509181,0.413673,0.509181
Images/Fractal_Curves_B3.png,0,1.644079,1.523633,0.660103,0.360124,1.064198,0.715376,0.560883,0.376511,0.961563,0.664648,0.713434,0.538113,0.695246,0.360651,0.363662,0.360651
Images/Fractal_Curves_B3.png,2,4.029691,0.878724,0.980214,0.39797,0.826921,0.7267,0.592321,0.531808,0.810938,1.798917,1.211175,0.980601,0.5583984,0.58047458,0.379566,0.805737
Images/Fractal_Curves_B3.png,2,1.31219,0.744246,1.061232,0.595141,0.89908,0.911894,0.695595,0.530957,0.811716,1.295948,1.014847,0.961871,0.55750485,0.6816831,0.379708,1.030006
Images/Fractal_Curves_B4.png,1,7.645757,3.577303,0.610736,0.332483,0.910816,0.966276,0.575903,0.411228,0.946609,0.831057,0.781932,0.830368,1.575835,0.531207,0.380201,0.531207
Images/Fractal_Curves_B4.png,0,3.20523,1.370937,0.615701,0.461736,0.942769,0.810598,0.547258,0.444129,1.127571,0.725072,0.730238,0.412723,0.54467,0.412369,0.380648,0.412369
Images/Fractal_Curves_B4.png,2,1.36303,0.627589,1.112664,0.747554,0.833417,0.682992,0.678332,0.528084,1.343872,1.698928,1.455324,0.861206,0.5544882,0.66476536,0.377057,0.90826
Images/Fractal_Curves_B4.png,2,1.229335,0.541778,0.761299,0.679412,0.766244,0.958515,0.795944,0.610951,1.180375,0.948687,0.594117,0.76499,0.64149855,0.78002512,0.396769,0.776999
Images/Fractal_Curves_B5.png,1,3.147151,1.931917,0.978686,0.710885,0.911119,1.194683,0.58199,0.377449,0.916159,0.878222,0.744565,0.827465,0.827641,0.479389,0.413838,0.479389
Images/Fractal_Curves_B5.png,0,2.972074,2.060229,1.180514,0.512429,0.946991,1.261842,0.560481,0.544214,1.66049,0.928488,0.810022,0.430165,0.577525,0.560802,0.412854,0.560802
Images/Fractal_Curves_B5.png,2,2.962066,0.578771,0.745359,0.730329,0.875633,0.815907,0.647768,0.710524,0.7813,1.709748,1.095035,0.676387,0.7460502,0.63481264,0.379575,1.092507
Images/Fractal_Curves_B5.png,2,1.676759,0.66045,0.741732,0.559375,0.793147,0.947909,0.696503,0.664997,1.333224,1.964432,0.432262,0.777355,0.69824685,0.68257294,0.395678,0.995666
Images/Fractal_Curves_C0.png,1,2.261629,1.380249,0.94245,0.458874,0.679592,0.794984,0.516411,0.526008,0.810249,0.978346,0.744707,0.544415,1.4766,0.861062,0.409566,0.861062
Images/Fractal_Curves_C0.png,0,0.711707,1.295381,0.581017,0.327559,0.745648,0.743063,0.578225,0.343447,0.786796,0.745363,0.728237,0.762151,0.713916,0.576265,0.410012,0.576265
Images/Fractal_Curves_C0.png,2,1.09553,0.610371,0.961521,0.576989,0.828335,0.745337,0.683462,0.526807,2.04397,1.293403,0.910485,0.810413,0.55314735,0.66979276,0.327348,1.249218
Images/Fractal_Curves_C0.png,2,1.094347,0.677674,1.010445,0.612302,0.749374,0.797885,0.578753,0.577566,0.843517,1.727981,1.448529,0.328463,0.6064443,0.56717794,0.431627,1.245493
Images/Fractal_Curves_C1.png,1,3.963825,1.247447,0.548733,0.280504,0.842926,0.859734,0.544528,0.442352,1.116881,1.076202,0.860737,0.847256,1.030177,0.614328,0.38106,0.614328
Images/Fractal_Curves_C1.png,0,1.244745,1.044809,0.560863,0.306589,0.677435,0.713447,0.576599,0.347343,0.863354,0.794922,0.78072,0.577848,0.676839,0.426731,0.380829,0.426731
Images/Fractal_Curves_C1.png,2,0.862257,0.561147,0.598203,0.561734,0.727009,0.779726,0.708723,1.016625,1.002908,1.344836,1.130473,0.413549,1.06745625,0.69454854,0.378617,0.944162
Images/Fractal_Curves_C1.png,2,1.128215,0.628859,0.777786,0.494525,0.746211,0.766249,0.72692,0.625764,1.479238,1.128683,1.04415,1.196153,0.6570522,0.7123816,0.445115,1.229129
Images/Fractal_Curves_C2.png,1,5.812362,1.564399,0.543244,0.363102,0.847183,1.299237,0.612083,0.54961,1.227919,1.431601,0.862224,0.860767,1.480536,0.595251,0.378671,0.595251
Images/Fractal_Curves_C2.png,0,2.394961,1.346587,0.593764,0.279515,0.898881,0.746892,0.52812,0.359634,0.860057,0.894388,0.642738,0.61125,0.478164,0.545843,0.364071,0.545843
Images/Fractal_Curves_C2.png,2,1.49571,0.514065,0.877261,0.644859,0.89451,0.915106,0.76588,0.509032,1.876743,1.128579,1.226645,1.314507,0.5344836,0.7505624,0.430633,0.892061
Images/Fractal_Curves_C2.png,2,1.445715,0.741685,1.078791,0.579145,1.115999,0.761061,0.69514,0.478175,0.898487,1.527347,1.314371,0.830336,0.50208375,0.6812372,0.410857,0.845626
Images/Fractal_Curves_C3.png,1,5.846944,1.59597,0.563997,0.331887,0.829043,1.04603,0.543876,0.640961,0.877822,1.061626,1.894508,0.527801,1.831668,0.378246,0.413476,0.378246
Images/Fractal_Curves_C3.png,0,3.795086,1.111753,0.712055,0.228605,0.760451,0.645071,0.499111,0.345783,0.897672,0.977895,0.777957,0.427523,1.56175,0.627829,0.429887,0.627829
Images/Fractal_Curves_C3.png,2,1.144639,0.765359,1.777729,0.842677,0.744375,0.712531,0.645458,1.14272,2.479938,1.946856,1.497141,0.863146,1.199856,0.63254884,0.410097,0.992967
Images/Fractal_Curves_C3.png,2,1.660615,0.627631,0.910022,0.626788,1.061162,0.795813,0.743967,0.626747,1.113557,0.811217,1.197406,0.660813,0.65808435,0.72908766,0.410968,0.898099
Images/Fractal_Curves_C4.png,1,5.1962,1.815205,0.676447,0.326959,0.842779,1.044425,0.494389,0.449475,1.327502,1.444595,0.830465,0.511542,0.863987,0.576381,0.39599,0.576381
Images/Fractal_Curves_C4.png,0,3.215487,1.578613,0.544172,0.426396,0.611606,0.795767,0.526059,0.378479,1.04417,1.013581,0.694754,0.444739,1.327386,0.376251,0.397201,0.376251
Images/Fractal_Curves_C4.png,2,1.177896,0.590203,0.460982,0.662441,0.79672,0.660238,0.62702,0.813944,1.594378,1.578911,1.961944,1.111852,0.8546412,0.6144796,0.394462,1.01177
Images/Fractal_Curves_C4.png,2,1.344578,0.594439,0.432717,0.381186,0.693353,0.693421,0.709832,0.677625,1.282396,1.559959,0.594411,1.243539,0.71150625,0.69563536,0.410366,0.961993
Images/Fractal_Curves_C5.png,1,6.462436,4.095302,0.547987,0.394244,0.675396,0.694648,0.661735,0.828217,1.295567,1.027204,0.82741,0.709849,1.244039,0.598445,0.414193,0.598445
Images/Fractal_Curves_C5.png,0,3.245734,1.39491,0.727935,0.395684,0.766568,0.843743,0.544377,0.377809,1.77718,0.97831,0.894013,0.412155,0.565477,0.396415,0.363348,0.396415
Images/Fractal_Curves_C5.png,2,1.378314,0.584415,0.862252,0.730958,0.760718,0.765139,0.629833,0.699041,1.210345,1.727215,0.844845,1.162944,0.73399305,0.61723634,0.374163,1.144538
Images/Fractal_Curves_C5.png,2,1.694742,0.778749,0.528322,0.443497,0.929045,0.694184,0.715884,1.08307,1.211414,1.199432,1.264882,0.644048,1.1372235,0.70156632,0.393047,1.095232
Images/Fractal_Curves_D0.png,1,0.560348,0.828419,0.59353,0.362245,0.643806,0.731615,0.527519,0.394211,0.911452,0.911494,0.843643,0.727271,0.894112,0.730738,0.413116,0.730738
Images/Fractal_Curves_D0.png,0,0.67629,1.060953,0.743114,0.664987,0.658449,0.644831,0.542261,0.545318,0.897142,0.865011,0.811309,0.762211,1.427925,0.460606,0.448828,0.460606
Images/Fractal_Curves_D0.png,2,1.112626,0.626244,0.660942,0.676447,0.849308,0.731899,0.698573,0.713616,1.510867,1.262345,1.612978,0.494707,0.7492968,0.68460154,0.411578,1.09485
Images/Fractal_Curves_D0.png,2,0.712208,0.548588,0.628774,0.610492,0.743819,0.613689,0.661228,0.610932,0.810923,1.47709,1.280706,0.662703,0.6414786,0.64800344,0.426262,1.399619
Images/Fractal_Curves_D1.png,1,2.145745,1.260411,0.559898,0.362161,0.812177,0.84439,0.594758,0.378075,1.227976,1.045151,0.844787,0.728371,0.978251,0.478484,0.413906,0.478484
Images/Fractal_Curves_D1.png,0,0.844645,0.82875,0.679471,0.675952,0.663359,0.677288,0.516177,0.521388,0.876527,0.894047,0.598512,0.575633,0.694082,0.461299,0.413141,0.461299
Images/Fractal_Curves_D1.png,2,0.845843,0.493247,0.844843,0.548866,0.794413,0.614736,0.762051,0.960455,0.96275,1.094544,0.710673,1.695278,1.00847775,0.74680998,0.426034,1.012651
Images/Fractal_Curves_D1.png,2,3.031968,0.525737,0.71192,0.877892,0.778127,0.676521,0.832369,0.577832,0.794378,1.2444,0.828448,0.747863,0.6067236,0.81572162,0.416302,0.844568
Images/Fractal_Curves_D2.png,1,3.576412,0.962294,0.197819,0.277498,0.814003,0.913496,0.595383,0.360882,0.960674,0.827291,0.777972,0.825978,0.861181,0.510428,0.430024,0.510428
Images/Fractal_Curves_D2.png,0,1.078836,0.77831,0.910524,0.561958,0.681953,0.681683,0.575538,0.497183,0.712391,0.728312,0.759436,0.511702,0.612549,0.478278,0.393283,0.478278
Images/Fractal_Curves_D2.png,2,0.87655,0.631276,0.50952,0.611592,0.979546,0.7959,0.783051,1.312045,1.02757,1.312047,2.06022,0.925896,1.37764725,0.76738998,0.444383,1.262425
Images/Fractal_Curves_D2.png,2,1.060772,0.529172,0.892843,0.544271,0.775824,0.846754,0.762039,0.575323,0.876994,1.094863,1.043926,0.747422,0.60408915,0.74679822,0.363831,1.180099
Images/Fractal_Curves_D3.png,1,4.163899,0.81001,0.777665,0.278393,0.779021,0.698433,0.561626,0.37637,0.878119,0.776673,0.77699,0.577947,0.81113,0.411315,0.381475,0.411315
Images/Fractal_Curves_D3.png,0,1.112042,0.926335,0.714571,0.827997,0.710169,0.726407,0.516314,0.396546,0.844686,0.745376,0.779832,0.515795,1.112423,0.411867,0.397816,0.411867
Images/Fractal_Curves_D3.png,2,0.810787,0.630861,1.296643,0.662956,1.044539,0.661995,0.811903,0.666639,0.662716,1.760639,1.815488,0.796966,0.69997095,0.79566494,0.379396,1.048086
Images/Fractal_Curves_D3.png,2,1.045286,0.59368,1.113875,0.562267,0.911937,0.748971,0.609388,0.546767,1.37842,1.428769,0.997102,0.497127,0.57410535,0.59720024,0.426255,0.96164
Images/Fractal_Curves_D4.png,1,4.081281,0.859448,0.611372,0.278664,0.809025,0.845111,0.577834,0.562047,0.946118,0.799005,0.782006,0.577583,0.594801,0.481664,0.412593,0.481664
Images/Fractal_Curves_D4.png,0,2.461357,1.429272,0.644369,0.278698,0.728728,0.711621,0.531551,0.45985,0.911105,0.760957,0.830356,0.3759,0.760823,0.477991,0.363376,0.477991
Images/Fractal_Curves_D4.png,2,1.511757,0.578811,0.596734,0.514014,0.925572,0.74445,0.676032,0.543491,1.127882,1.481416,0.662976,1.213483,0.57066555,0.66251136,0.42977,0.695167
Images/Fractal_Curves_D4.png,2,2.545703,0.548584,1.449457,0.912101,0.894204,0.744005,0.682211,0.812697,1.009785,1.897746,1.129809,0.83072,0.85333185,0.66856678,0.415156,0.898582
Images/Fractal_Curves_D5.png,1,3.866222,1.514234,0.744445,0.310311,0.716604,0.66481,0.661316,0.495093,0.966397,0.711525,0.828674,0.69514,1.12762,0.443079,0.412963,0.443079
Images/Fractal_Curves_D5.png,0,3.045182,1.111295,0.578147,0.29548,0.945266,0.763057,0.592052,0.43022,1.078297,0.894814,0.743884,0.961213,0.761293,0.677248,0.397476,0.677248
Images/Fractal_Curves_D5.png,2,3.531151,0.494594,1.395402,0.544553,0.833136,0.715811,0.659948,0.595462,0.844631,1.628547,0.976607,0.814339,0.6252351,0.64674904,0.427361,0.94413
Images/Fractal_Curves_D5.png,2,1.495436,0.89743,0.980853,0.710855,0.761086,0.710198,0.742283,0.766534,2.880381,1.412321,0.783393,0.960764,0.8048607,0.72743734,0.430095,0.968539
Images/Fractal_Curves_E0.png,1,1.662772,0.862811,0.569682,0.494383,0.681467,0.829369,0.647317,0.594603,0.996144,0.9786,0.963457,1.061436,1.611464,0.89258,0.396928,0.89258
Images/Fractal_Curves_E0.png,0,0.561516,1.782436,0.67942,0.778225,0.683936,0.698063,0.544339,0.663392,0.878195,1.010918,0.678509,0.611182,0.761948,0.460094,0.430632,0.460094
Images/Fractal_Curves_E0.png,2,0.578943,0.528483,0.779445,0.796822,0.942944,0.749257,0.645498,0.912986,0.711178,1.211287,0.65921,0.640814,0.9586353,0.63258804,0.398574,0.978504
Images/Fractal_Curves_E0.png,2,1.227407,1.328727,0.562614,0.496496,0.778999,0.880396,0.795815,0.728243,0.79723,1.144506,1.294898,0.760391,0.76465515,0.7798987,0.394989,1.199203
Images/Fractal_Curves_E1.png,1,2.795182,1.010917,0.57668,0.330076,0.741923,0.777801,0.662645,0.528393,0.909782,0.778017,1.048517,0.727648,1.027521,0.665509,0.413282,0.665509
Images/Fractal_Curves_E1.png,0,0.79442,0.977974,0.643119,0.411087,0.759901,0.774877,0.528268,0.560531,0.977964,0.845261,0.761436,0.528057,0.491425,0.43076,0.363218,0.43076
Images/Fractal_Curves_E1.png,2,0.397617,0.642174,1.010722,0.525768,0.876657,0.743791,0.763339,0.661416,1.011626,1.395583,0.77584,0.777744,0.6944868,0.74807222,0.430274,0.830844
Images/Fractal_Curves_E1.png,2,3.276973,0.927596,1.026669,0.459206,0.812746,0.70945,0.827763,0.611767,1.295096,2.061584,0.715092,0.593868,0.64235535,0.81120774,0.360362,0.713185
Images/Fractal_Curves_E2.png,1,4.64701,1.044513,0.758274,0.376275,0.765568,0.612835,0.59417,0.510928,0.928794,0.776834,0.827857,0.762259,0.948868,0.710733,0.380074,0.710733
Images/Fractal_Curves_E2.png,0,1.645418,0.693682,0.543619,0.378021,0.579921,0.564599,0.516298,0.21111,0.795612,1.164523,0.610967,0.460739,0.845048,0.463745,0.428007,0.463745
Images/Fractal_Curves_E2.png,2,1.729785,0.710429,0.510766,0.711584,0.743911,0.697805,0.627491,0.660819,0.961013,1.195164,1.346584,0.929665,0.69385995,0.61494118,0.429183,1.224709
Images/Fractal_Curves_E2.png,2,0.528709,1.061603,0.611176,0.445194,0.948885,0.796168,0.711059,0.726626,0.844344,0.911882,0.760353,0.511181,0.7629573,0.69683782,0.42986,0.744625
Images/Fractal_Curves_E3.png,1,8.446136,1.496072,0.878383,0.392652,0.726836,0.894623,0.760259,0.428308,0.811035,0.577259,0.861913,0.744521,0.510619,0.612584,0.380225,0.612584
Images/Fractal_Curves_E3.png,0,4.763865,0.662018,0.729151,0.443372,0.74453,0.781282,0.541749,0.349446,0.97619,1.043092,0.678522,0.511137,1.026461,0.513538,0.330978,0.513538
Images/Fractal_Curves_E3.png,2,1.262847,0.566833,0.445476,0.411885,0.910894,0.728299,0.578276,0.63073,1.09438,1.378395,1.012263,0.777799,0.6622665,0.56671048,0.410991,1.115321
Images/Fractal_Curves_E3.png,2,0.963241,0.549252,0.443887,0.842087,0.713184,0.743215,0.759658,0.628285,0.911529,1.828276,0.745708,0.510724,0.65969925,0.74446484,0.409887,0.828162
Images/Fractal_Curves_E4.png,1,4.11377,0.761972,0.7255,0.314057,0.880582,0.678994,0.51565,0.594173,1.012749,0.676849,0.761914,0.860518,0.760202,0.495448,0.414209,0.495448
Images/Fractal_Curves_E4.png,0,2.045224,0.828225,0.612438,0.344432,0.777257,0.71077,0.533546,0.426233,0.995393,0.980549,0.83111,0.495096,0.761294,0.414233,0.445761,0.414233
Images/Fractal_Curves_E4.png,2,3.877095,0.710978,0.464903,1.181864,0.863911,0.745068,0.64959,0.663611,0.728291,1.382266,0.762096,0.577918,0.69679155,0.6365982,0.462664,0.877706
Images/Fractal_Curves_E4.png,2,0.812339,1.044515,1.293772,0.596607,0.743317,0.77999,0.698832,0.611506,0.728331,0.913233,1.194326,0.528473,0.6420813,0.68485536,0.412374,0.812025
Images/Fractal_Curves_E5.png,1,2.010699,0.694339,0.499025,0.294603,0.775818,0.628259,0.645935,0.480179,0.895178,0.648275,0.928018,0.827461,0.864662,0.695024,0.412209,0.695024
Images/Fractal_Curves_E5.png,0,1.928733,0.844412,0.523697,0.643651,0.849629,0.929673,0.542441,0.543855,0.995164,0.710308,0.843666,0.427442,0.986252,0.408365,0.381053,0.408365
Images/Fractal_Curves_E5.png,2,1.99701,0.55489,1.043974,0.454396,0.865938,0.716428,0.690445,0.748553,1.711573,1.079735,1.228443,0.82808,0.78598065,0.6766361,0.326864,0.926643
Images/Fractal_Curves_E5.png,2,1.615459,0.711098,0.462399,0.428517,0.74987,0.579022,0.778067,0.695074,1.294338,1.328249,0.778995,0.780674,0.7298277,0.76250566,0.39791,0.794724
Images/Hilbert_0.png,1,1.143338,1.144413,1.098965,0.443498,0.693891,0.815875,0.663318,0.36205,1.028458,0.778731,0.627639,0.781802,1.07757,0.728031,0.395257,0.728031
Images/Hilbert_0.png,0,0.810664,1.01229,0.527126,0.445919,0.644659,0.629718,0.543859,0.449557,0.878425,0.77913,0.846659,0.678693,0.610082,0.44682,0.447253,0.44682
Images/Hilbert_0.png,2,1.162101,0.760872,0.595557,0.943214,0.844767,0.69159,0.728488,0.593777,1.095526,0.863633,0.909442,0.690162,0.62346585,0.71391824,0.428538,0.862063
Images/Hilbert_0.png,2,1.128217,0.895593,0.431886,0.393055,0.936883,0.735597,0.609615,0.59335,0.911926,1.881171,0.812657,0.727312,0.6230175,0.5974227,0.411371,0.76231
Images/Hilbert_1.png,1,2.13075,2.293774,0.612004,0.357753,0.593973,0.693468,0.5929,0.325693,0.928464,0.726384,0.73194,0.5276,1.295271,0.495008,0.361447,0.495008
Images/Hilbert_1.png,0,0.695682,0.86491,0.581741,0.444545,0.717585,0.71667,0.528443,0.459761,1.127866,0.648643,0.75835,0.877664,0.679218,0.445401,0.379886,0.445401
Images/Hilbert_1.png,2,2.078287,0.633093,0.57925,0.360941,0.876381,0.732849,0.726027,0.576468,0.693284,2.074161,1.376482,0.659669,0.6052914,0.71150646,0.426526,1.211879
Images/Hilbert_1.png,2,1.127512,0.698078,1.027965,0.412924,0.842739,0.709904,0.694727,0.613212,1.311301,1.397225,1.078393,0.679219,0.6438726,0.68083246,0.427238,0.97756
Images/Hilbert_2.png,1,4.900113,1.577609,0.810366,0.417304,0.694537,0.664715,0.649684,0.347996,0.960405,0.63062,0.893661,0.727714,0.87774,0.37828,0.410278,0.37828
Images/Hilbert_2.png,0,0.52925,0.793704,0.527486,0.393858,0.692185,0.728078,0.645045,0.545836,1.012079,0.713336,0.845665,0.609781,1.678135,0.399038,0.358345,0.399038
Images/Hilbert_2.png,2,1.900118,1.070515,0.760069,0.660406,0.814687,0.612684,0.595933,0.744111,1.011879,1.012993,0.944013,0.445369,0.78131655,0.58401434,0.445483,0.879275
Images/Hilbert_2.png,2,1.128227,0.824849,0.428325,0.331348,0.311572,0.826132,0.667023,0.710541,1.02819,1.714327,0.910031,0.560272,0.74606805,0.65368254,0.425973,0.908915
Images/Hilbert_3.png,1,4.126057,1.531819,0.594699,0.409798,0.716058,0.865819,0.610609,0.362605,0.945524,0.746383,0.812506,0.894899,1.428051,0.525311,0.380702,0.525311
Images/Hilbert_3.png,0,0.709983,1.127305,0.597684,0.397586,0.777594,0.716455,0.71272,0.514027,0.877424,0.646727,1.062122,0.927442,1.211486,0.40916,0.380104,0.40916
Images/Hilbert_3.png,2,1.544023,0.6322,1.161081,0.563158,0.895643,0.667627,0.58337,0.566402,1.014515,1.148204,1.311667,0.770559,0.5947221,0.5717026,0.446787,1.22865
Images/Hilbert_3.png,2,1.744975,0.710666,0.879438,0.529884,0.892699,0.643397,0.661813,0.729682,0.777373,0.915324,0.430042,0.695778,0.7661661,0.64857674,0.394722,1.161586
Images/Hilbert_4.png,1,3.882142,1.676497,0.494952,0.61205,0.760834,1.00935,0.561759,0.343311,0.980362,0.917054,0.811313,0.611314,1.477908,0.36602,0.412702,0.36602
Images/Hilbert_4.png,0,1.545889,1.178687,0.574292,0.411913,0.717064,0.881259,0.644507,0.511307,1.078101,0.746499,0.831829,0.677668,0.512228,0.411304,0.395495,0.411304
Images/Hilbert_4.png,2,5.16097,0.894658,1.060096,0.644824,0.843286,0.81551,0.676806,0.628258,0.778416,1.120606,1.098478,0.912533,0.6596709,0.66326988,0.427266,1.010412
Images/Hilbert_4.png,2,1.296808,0.677218,0.643733,0.44418,0.933136,0.609757,0.733379,0.663434,1.01102,1.698546,1.376613,0.798808,0.6966057,0.71871142,0.565651,1.347585
Images/Hilbert_5.png,1,4.945632,1.303465,0.660154,0.344412,0.86088,0.796127,0.661358,0.448142,1.044221,0.807713,0.641451,0.910481,0.71137,0.392933,0.396715,0.392933
Images/Hilbert_5.png,0,2.527837,1.389964,0.734324,0.860264,0.776444,1.178165,0.760688,0.460202,1.077236,0.763691,0.760669,0.614763,0.559998,0.727291,0.386755,0.727291
Images/Hilbert_5.png,2,1.527904,0.604029,1.315913,0.609499,0.978877,0.709336,0.645079,0.816159,1.211853,1.558677,0.743554,0.711905,0.85696695,0.63217742,0.446185,0.945665
Images/Hilbert_5.png,2,1.579097,0.626887,0.959767,0.546184,0.77793,0.631979,0.609465,0.644428,1.161052,1.544019,0.911639,0.728056,0.6766494,0.5972757,0.428779,0.826576
Images/Moore_0.png,1,0.595373,0.992793,0.548382,0.645475,0.651723,0.758753,0.630418,0.413432,0.998979,0.877165,0.769896,1.027008,0.960974,0.839662,0.395723,0.839662
Images/Moore_0.png,0,0.578058,1.026815,0.528246,0.680255,0.677387,0.679846,0.630653,0.365561,1.094883,0.610579,0.627338,0.511416,0.762699,0.545308,0.410778,0.545308
Images/Moore_0.png,2,0.543839,0.87848,0.997544,0.527043,0.778108,0.862099,0.594892,0.561042,1.344853,0.850338,1.814822,0.694673,0.5890941,0.58299416,0.442984,0.877827
Images/Moore_0.png,2,0.77827,0.611273,0.927042,0.827825,0.798675,0.911939,0.659643,0.629788,0.911177,1.082059,0.910098,0.631086,0.6612774,0.64645014,0.447161,0.645859
Images/Moore_1.png,1,2.477922,1.532842,0.54544,0.911327,0.709529,0.761902,0.628594,0.343161,0.81185,0.810636,1.009025,0.613342,1.094913,0.745811,0.428001,0.745811
Images/Moore_1.png,0,0.746754,1.060927,0.743804,0.413619,0.631064,0.744693,0.575898,0.343181,0.87733,0.811988,0.597389,0.713743,0.727059,0.495045,0.409823,0.495045
Images/Moore_1.png,2,1.14502,0.545311,0.895928,0.527694,0.877901,1.014211,0.644243,0.479558,1.196622,1.078908,2.045921,0.426844,0.5035359,0.63135814,0.42519,1.313603
Images/Moore_1.png,2,0.745014,0.828271,0.4723,0.344878,0.812446,0.828787,0.666763,0.693421,0.724958,1.777412,0.843596,1.06019,0.72809205,0.65342774,0.460787,0.993727
Images/Moore_2.png,1,2.611194,1.19534,0.428555,0.427284,0.796528,0.730373,0.544657,0.347196,1.045,0.748387,1.044629,0.747142,0.812666,0.46224,0.392804,0.46224
Images/Moore_2.png,0,0.494074,1.728507,0.663018,0.396923,0.713738,0.699064,0.629414,0.377319,0.912682,0.628988,0.725607,0.513449,0.444833,0.561922,0.395592,0.561922
Images/Moore_2.png,2,1.028332,0.594816,0.62663,0.495875,0.778583,0.896897,0.678111,0.594413,1.193911,1.311031,2.34424,0.561088,0.62413365,0.66454878,0.445341,0.997743
Images/Moore_2.png,2,0.477127,0.644247,0.561569,0.343683,0.825647,0.743388,0.732085,0.542888,1.111312,1.645042,2.429693,0.427006,0.5700324,0.7174433,0.394507,0.978619
Images/Moore_3.png,1,2.943475,5.545483,0.661148,0.429056,0.841503,0.764829,0.615555,0.328027,1.011091,0.69514,1.062102,0.629777,0.677093,0.460529,0.398497,0.460529
Images/Moore_3.png,0,0.564921,1.778676,0.629778,0.413594,0.57656,0.745469,0.611461,0.331926,1.077858,0.594629,0.965238,0.595958,0.493853,0.427807,0.37791,0.427807
Images/Moore_3.png,2,1.279095,0.645299,1.012726,0.776813,0.795495,1.013929,0.643397,0.565988,1.161496,1.408441,1.728237,0.760359,0.5942874,0.63052906,0.415367,1.312291
Images/Moore_3.png,2,1.028782,0.562146,0.99485,0.560927,0.793517,0.745026,0.629692,0.596906,1.293819,1.210827,0.914864,0.814659,0.6267513,0.61709816,0.394832,1.430308
Images/Moore_4.png,1,3.43436,1.962024,0.578137,0.377384,0.960554,0.791901,0.581526,0.310924,1.091212,0.677876,0.977558,0.663261,0.926381,0.644968,0.376565,0.644968
Images/Moore_4.png,0,0.910042,1.077889,0.559579,0.479596,1.246071,0.75853,0.611876,0.376197,1.228132,0.594939,0.976804,0.530862,0.444613,0.416214,0.377156,0.416214
Images/Moore_4.png,2,2.22966,0.662702,0.828928,0.448806,0.8324,0.91068,0.644128,0.493787,1.459365,1.510867,0.661629,1.179917,0.51847635,0.63124544,0.414265,0.843228
Images/Moore_4.png,2,1.095238,0.745671,1.026985,0.343231,0.793577,0.711355,0.659546,0.679113,0.89627,0.361098,0.695307,0.477865,0.71306865,0.64635508,0.445046,1.044138
Images/Moore_5.png,1,3.495777,1.345543,0.609159,0.37656,0.732824,0.732461,0.774676,0.411952,1.429564,0.693766,1.010877,0.896681,1.281501,0.628582,0.37702,0.628582
Images/Moore_5.png,0,1.22788,0.84477,0.533271,0.41347,0.811942,0.862948,0.548793,0.51147,1.31065,0.630476,0.895553,0.496628,1.162345,0.708993,0.381809,0.708993
Images/Moore_5.png,2,1.712074,1.344438,0.577278,0.442982,0.8639,0.812256,0.726454,0.678332,1.062658,1.010231,1.561673,0.816066,0.7122486,0.71192492,0.411507,0.528355
Images/Moore_5.png,2,0.89553,0.594148,0.55485,0.478099,0.915335,0.949178,0.629392,0.609926,0.763886,1.446169,2.581211,0.679915,0.6404223,0.61680416,0.427347,0.994346
Images/Pythagoras_A0.png,1,2.495327,2.661737,0.931391,0.899747,0.764419,0.825686,0.845934,0.428463,1.37892,0.778068,0.861968,0.397559,0.56109,0.826554,0.477815,0.826554
Images/Pythagoras_A0.png,0,0.930856,0.695393,0.829461,0.380637,0.731394,0.661636,0.616049,0.296021,1.428245,0.694225,0.978708,0.411095,0.727565,0.444956,0.427882,0.444956
Images/Pythagoras_A0.png,2,0.813833,0.693369,0.775568,0.399427,0.916541,0.726283,0.861227,0.550075,1.044603,0.827047,1.92846,0.677803,0.57757875,0.84400246,0.428829,1.194921
Images/Pythagoras_A0.png,2,0.838851,0.626746,0.62901,0.92908,0.830898,0.797277,0.793115,0.394923,1.194562,1.027537,1.446793,0.746969,0.41466915,0.7772527,0.443826,1.015609
Images/Pythagoras_A1.png,1,5.130095,4.979344,1.027469,0.329584,0.896595,0.714522,0.628161,0.345102,1.228863,0.745257,0.860149,1.461092,0.539108,0.465863,0.4104,0.465863
Images/Pythagoras_A1.png,0,1.047316,0.745218,0.665624,0.310815,0.859512,0.850413,0.597321,0.447649,1.677119,0.812375,0.916559,0.394098,0.793836,0.410367,0.395836,0.410367
Images/Pythagoras_A1.png,2,0.909482,0.745091,0.846345,0.343066,1.031785,0.816839,0.743984,0.694657,1.528986,1.311396,0.744482,0.494482,0.72938985,0.72910432,0.477562,0.880737
Images/Pythagoras_A1.png,2,0.844048,0.728923,0.560478,0.594156,0.828924,0.642075,0.762291,0.39316,1.128686,1.013433,0.763643,0.748275,0.412818,0.74704518,0.43176,0.761179
Images/Pythagoras_A2.png,1,4.812521,3.196173,1.394406,0.326386,0.896414,0.660984,0.515356,0.579162,1.343195,0.744533,1.599173,0.978634,1.479112,0.493507,0.461625,0.493507
Images/Pythagoras_A2.png,0,2.593275,0.844402,0.759652,0.427355,0.830534,0.643852,0.827514,0.393709,1.378493,0.794282,0.979714,0.614394,0.477545,0.481619,0.427629,0.481619
Images/Pythagoras_A2.png,2,1.395409,1.044319,0.461701,1.112476,0.942137,0.878966,0.695326,1.112863,1.427705,1.413948,2.413182,0.699301,1.16850615,0.68141948,0.527617,1.391833
Images/Pythagoras_A2.png,2,0.759519,0.559757,0.528646,0.475985,0.832891,0.562217,0.827398,0.533132,1.011862,1.073446,1.044686,0.528608,0.5597886,0.81085004,0.444876,0.945914
Images/Pythagoras_A3.png,1,3.02868,1.411402,0.914258,0.39453,0.961799,0.78395,0.680187,0.628708,1.362067,0.759672,0.876416,0.377322,0.876709,0.661767,0.411173,0.661767
Images/Pythagoras_A3.png,0,4.328416,0.845299,0.57781,0.577262,0.993942,0.642739,0.564011,0.778226,1.794461,0.798902,0.879672,0.760243,1.182607,0.7765,0.42789,0.7765
Images/Pythagoras_A3.png,2,1.622559,0.731029,0.860516,0.379092,0.892839,0.682145,0.745637,0.826849,1.428402,0.947918,2.432467,0.87876,0.86819145,0.73072426,0.395261,0.997249
Images/Pythagoras_A3.png,2,0.545075,0.878456,1.112066,0.495246,0.844028,0.71594,0.779527,0.844723,1.345118,1.696573,2.112159,0.479105,0.88695915,0.76393646,0.377028,1.02901
Images/Pythagoras_B0.png,1,1.027832,0.743478,0.592302,0.495,0.828718,0.826628,0.533038,0.381295,1.245056,0.811044,1.262526,0.913037,0.961032,0.642683,0.444575,0.642683
Images/Pythagoras_B0.png,0,0.698384,0.746473,0.474687,0.378903,0.882939,0.611392,0.698452,0.64441,1.594323,0.795196,1.161226,0.609656,0.50404,0.494132,0.412734,0.494132
Images/Pythagoras_B0.png,2,1.677035,0.77671,0.511967,0.427827,0.795628,0.71536,0.744384,0.643637,1.061304,1.628162,1.781501,0.644025,0.67581885,0.72949632,0.528478,1.476647
Images/Pythagoras_B0.png,2,1.911197,0.577887,0.562926,0.39399,0.711465,0.657945,0.759812,0.594279,1.094234,1.278729,1.345741,0.594459,0.62399295,0.74461576,0.381722,0.845788
Images/Pythagoras_B1.png,1,2.961569,1.027993,0.611844,0.360382,0.861882,0.643829,0.609957,0.548388,1.426904,0.77883,0.927813,0.647763,0.99472,0.748114,0.460225,0.748114
Images/Pythagoras_B1.png,0,0.460635,1.044706,0.512782,0.32719,0.843592,0.715147,0.65896,0.49489,1.248606,0.778627,0.845417,0.611819,0.593156,0.446029,0.476888,0.446029
Images/Pythagoras_B1.png,2,1.929426,0.893938,0.5111,0.5479,1.126665,0.762505,0.778409,0.694895,1.128478,2.012271,1.014608,0.744041,0.72963975,0.76284082,0.428033,1.049239
Images/Pythagoras_B1.png,2,1.679278,0.794448,0.444984,0.412191,0.760383,0.593929,0.65941,0.777225,1.328633,1.060558,1.113621,0.509377,0.81608625,0.6462218,0.411112,0.727512
Images/Pythagoras_B2.png,1,3.262425,1.430531,0.592133,0.34664,0.876008,0.631649,0.565992,0.678588,1.627952,0.810594,1.011886,0.916272,1.045272,0.459696,0.429335,0.459696
Images/Pythagoras_B2.png,0,1.545882,0.745297,0.515035,0.327917,0.798961,0.564721,0.580517,0.463899,1.563541,0.898583,0.831046,0.460339,0.731601,0.449704,0.395586,0.449704
Images/Pythagoras_B2.png,2,1.795494,4.263395,1.211319,0.475746,0.777466,0.999448,0.793029,0.777716,1.126901,1.515333,2.131553,0.9778,0.8166018,0.77716842,0.412764,1.260376
Images/Pythagoras_B2.png,2,2.347778,0.977258,0.648299,0.415656,0.700287,0.88374,0.694457,0.779392,0.878062,1.493578,1.311322,0.579724,0.8183616,0.68056786,0.411909,0.948276
Images/Pythagoras_B3.png,1,5.879341,1.329302,0.56405,0.893283,1.297687,0.628409,0.593022,0.844543,1.664035,1.044261,0.977519,1.510825,1.127431,0.697976,0.42809,0.697976
Images/Pythagoras_B3.png,0,1.710383,0.762296,0.558566,0.328642,0.830568,0.695221,0.613721,0.760361,2.130025,1.080427,0.978379,1.19556,0.778013,0.51036,0.443621,0.51036
Images/Pythagoras_B3.png,2,3.896536,0.99812,1.010306,0.494679,0.599722,0.829439,0.618644,0.679931,1.544295,1.696515,2.795547,0.477931,0.71392755,0.60627112,0.411235,0.894556
Images/Pythagoras_B3.png,2,1.811176,0.7119,0.878183,0.576724,0.731797,0.746107,0.850293,0.763896,1.411478,1.728513,1.159327,0.728086,0.8020908,0.83328714,0.44028,0.978126
Images/Sierpinski_A0.png,1,0.66095,0.211693,0.710074,0.544102,0.761451,0.681826,0.597474,0.565658,1.212496,0.875898,1.152671,1.029073,1.061357,0.896653,0.499113,0.896653
Images/Sierpinski_A0.png,0,0.462021,0.84512,0.492742,0.397409,0.630648,0.832229,0.645023,0.443917,1.12784,0.781488,0.911124,0.54658,1.029726,0.448059,0.493813,0.448059
Images/Sierpinski_A0.png,2,1.111926,1.010522,1.060983,0.562291,0.778348,0.615045,0.874635,0.463908,1.045333,1.064161,1.178854,0.778538,0.4871034,0.8571423,0.413808,0.846315
Images/Sierpinski_A0.png,2,0.960621,0.895891,1.195234,0.510521,0.75944,0.547042,0.812764,0.52694,0.430398,1.36072,0.635687,0.459831,0.553287,0.79650872,0.365108,0.908837
Images/Sierpinski_A1.png,1,0.577196,0.97798,0.665649,0.361407,0.82957,0.760669,0.611949,0.582638,1.27828,0.611428,0.710095,0.546498,0.927169,0.476519,0.460558,0.476519
Images/Sierpinski_A1.png,0,0.880313,1.010739,0.724428,0.36064,0.744165,0.611335,0.580379,0.328282,1.362238,0.778013,1.02905,0.647153,0.911439,0.461663,0.428446,0.461663
Images/Sierpinski_A1.png,2,1.129188,0.806929,0.827301,0.577666,0.89387,0.59326,0.829051,0.511678,1.020691,1.256306,2.111867,0.77994,0.5372619,0.81246998,0.447844,1.246209
Images/Sierpinski_A1.png,2,1.094751,0.692805,0.445397,0.376399,0.847445,0.697425,0.761225,0.578219,1.056746,1.347542,0.696745,0.513218,0.60712995,0.7460005,0.412035,1.048539
Images/Sierpinski_A2.png,1,0.87933,0.927438,0.576957,0.325859,0.895892,0.863254,0.614318,0.527103,1.295966,0.894508,1.027086,0.780078,1.030683,0.443646,0.475474,0.443646
Images/Sierpinski_A2.png,0,0.726899,0.795723,0.57482,0.360709,0.782511,0.544438,0.56485,0.333313,1.29533,0.778023,0.980265,0.480105,0.560745,0.527262,0.444796,0.527262
Images/Sierpinski_A2.png,2,0.827831,0.748692,0.75998,0.430817,0.803135,0.594142,0.878305,0.596561,0.978435,1.296235,1.161284,0.862815,0.62638905,0.8607389,0.394332,1.27666
Images/Sierpinski_A2.png,2,1.294253,0.72802,0.915543,0.395299,0.758321,0.730767,0.796138,0.581012,1.22768,1.433854,0.88173,0.509978,0.6100626,0.78021524,0.36065,1.012006
Images/Sierpinski_A3.png,1,1.009314,0.744888,0.579208,0.345477,0.879652,0.710279,0.594296,0.496991,1.259908,0.794801,1.010613,0.481722,0.527527,0.460197,0.477546,0.460197
Images/Sierpinski_A3.png,0,1.011681,0.778893,0.538528,0.378865,0.826152,0.560125,0.530441,0.325473,1.394554,0.745096,1.007827,0.713789,1.028323,0.395099,0.443885,0.395099
Images/Sierpinski_A3.png,2,1.861579,0.861499,0.661148,0.46106,0.811013,0.827595,1.09527,0.528421,1.075903,1.39329,1.29791,0.426877,0.55484205,1.0733646,0.444985,1.144687
Images/Sierpinski_A3.png,2,0.812711,0.695504,0.846167,0.377977,0.733553,0.514762,0.815588,0.679808,0.946463,1.226664,0.809554,0.528533,0.7137984,0.79927624,0.444358,1.046985
Images/Sierpinski_A4.png,1,2.532563,0.794864,0.62741,0.377691,0.79439,0.646845,0.681926,0.613504,1.31512,0.795323,1.011555,0.530806,1.244469,0.514296,0.479586,0.514296
Images/Sierpinski_A4.png,0,2.210815,1.261497,0.492898,0.694524,0.913347,0.680771,0.595082,0.633541,1.711608,0.861669,1.083558,0.862518,0.895324,0.729118,0.51124,0.729118
Images/Sierpinski_A4.png,2,2.01182,0.72008,0.844595,0.362334,0.728816,0.694863,0.831891,0.544132,1.096568,1.328391,1.626952,0.962088,0.5713386,0.81525318,0.375828,0.478945
Images/Sierpinski_A4.png,2,1.127398,0.778282,0.727938,0.411761,0.74458,0.592005,0.626733,0.644126,1.244519,1.311725,2.162279,0.761355,0.6763323,0.61419834,0.443089,0.8773
Images/Sierpinski_B0.png,1,1.211885,0.910989,0.51202,0.545438,0.682559,0.660092,0.649043,0.494235,1.580399,1.22797,1.059665,0.912834,1.229029,0.844819,0.513012,0.844819
Images/Sierpinski_B0.png,0,0.578509,0.893381,1.059675,0.444328,0.51273,0.658418,0.680663,0.497804,1.245478,0.851618,0.861004,0.680102,0.394819,0.426663,0.527287,0.426663
Images/Sierpinski_B0.png,2,0.827226,0.881914,0.823352,0.409786,0.713516,0.64325,0.749072,0.478685,0.947841,1.478071,0.872156,0.99359,0.50261925,0.73409056,0.427549,1.394709
Images/Sierpinski_B0.png,2,0.627967,0.843792,0.795224,0.629731,0.749755,0.562879,0.847749,0.542478,1.094472,1.394908,1.342646,0.609616,0.5696019,0.83079402,0.41099,0.973485
Images/Sierpinski_B1.png,1,0.94255,0.79572,0.448343,0.3085,0.715663,0.630243,0.579082,0.577482,1.415054,1.098626,0.879344,0.679477,1.127687,0.778633,0.461515,0.778633
Images/Sierpinski_B1.png,0,0.677005,0.814755,0.778503,0.382549,0.71666,0.6831,0.629142,0.397923,1.111168,0.880951,0.978713,0.647704,0.678988,0.644422,0.459469,0.644422
Images/Sierpinski_B1.png,2,0.843132,0.726876,0.961166,0.413612,0.798324,0.646565,0.727622,0.562915,0.661685,1.494221,1.526871,0.394112,0.59106075,0.71306956,0.408029,1.077991
Images/Sierpinski_B1.png,2,0.627705,0.807803,0.494878,0.539601,0.645298,0.632193,0.711709,0.562269,0.893497,1.295792,1.180126,0.495007,0.59038245,0.69747482,0.438254,0.861791
Images/Sierpinski_B2.png,1,1.454638,0.810372,0.545278,0.332744,0.724851,0.728464,0.67907,0.513731,1.313455,1.06065,0.877425,0.697224,1.261949,0.377057,0.410525,0.377057
Images/Sierpinski_B2.png,0,0.694978,0.944259,0.761054,0.359994,0.642156,0.562071,0.526751,0.497318,1.261385,0.745976,0.878221,0.546167,0.94365,0.394626,0.444607,0.394626
Images/Sierpinski_B2.png,2,0.728784,1.144177,0.644019,0.394259,0.883098,0.581901,0.709389,0.661743,2.165363,1.261831,1.377294,0.596948,0.69483015,0.69520122,0.374104,0.909657
Images/Sierpinski_B2.png,2,0.878094,0.757764,1.14473,0.411284,0.876797,0.704502,0.816647,0.781731,1.011935,1.260654,0.879021,0.828918,0.82081755,0.80031406,0.393833,1.077102
Images/Sierpinski_B3.png,1,2.206267,0.843648,0.529866,0.39388,0.698422,0.645489,0.578648,0.811429,1.527178,0.863212,1.032093,0.862908,0.893243,0.378772,0.428009,0.378772
Images/Sierpinski_B3.png,0,0.561679,0.794481,0.611376,0.361982,0.578695,0.696335,0.615216,0.493254,1.298975,0.74477,0.811859,0.413519,1.194347,0.514908,0.411968,0.514908
Images/Sierpinski_B3.png,2,0.715353,0.618715,0.786707,0.380895,0.761989,0.713158,0.682927,0.565654,1.610753,1.311531,1.446906,1.071777,0.5939367,0.66926846,0.478145,1.111894
Images/Sierpinski_B3.png,2,0.67761,1.015049,0.977756,0.444238,0.662469,0.646073,0.812157,0.694285,0.911879,1.394677,1.731084,1.078731,0.72899925,0.79591386,0.396268,0.946444
Images/Sierpinski_B4.png,1,3.211189,0.861853,0.945207,0.344815,0.564341,0.731789,0.578149,0.610834,1.378304,0.912055,0.894834,0.762942,0.87804,0.559631,0.394828,0.559631
Images/Sierpinski_B4.png,0,0.728874,0.711711,0.461208,0.359963,0.580036,0.548683,0.625902,0.678052,1.626032,0.897906,0.892905,0.429727,0.861803,0.426379,0.48113,0.426379
Images/Sierpinski_B4.png,2,0.895675,0.61156,0.560213,0.527175,0.77945,0.611479,0.743376,0.69441,1.39391,1.460983,0.963739,0.576663,0.7291305,0.72850848,0.361248,1.09286
Images/Sierpinski_B4.png,2,1.029277,0.492888,0.97745,0.394429,0.96073,0.74419,0.64489,0.61271,0.380477,1.361451,0.913836,0.593355,0.6433455,0.6319922,0.395268,1.029396
Images/Sierpinski_B5.png,1,1.947716,0.728613,0.528037,0.528289,0.532676,0.953354,0.632694,0.713203,1.511615,0.828613,0.960653,0.496549,0.809903,0.627475,0.42799,0.627475
Images/Sierpinski_B5.png,0,3.8652,2.163295,0.527688,0.428397,0.74805,0.807934,0.662727,0.494773,1.51227,0.793167,1.078904,0.680169,0.982477,0.780954,0.543325,0.780954
Images/Sierpinski_B5.png,2,1.228066,0.511018,1.242958,0.39372,0.843132,0.74512,0.764625,0.559282,1.462373,1.599534,1.777448,1.136109,0.5872461,0.7493325,0.511365,1.063764
Images/Sierpinski_B5.png,2,0.862625,0.845377,1.011188,0.393875,0.762253,0.676171,0.712182,0.678031,0.909338,1.463629,0.578779,0.596121,0.71193255,0.69793836,0.412634,0.943056
Images/Tree_A0.png,1,0.862899,0.998784,0.744565,0.661022,0.726323,0.715423,0.83918,0.646236,1.821526,1.432611,1.435371,1.195243,1.141839,0.553262,0.908256,0.553262
Images/Tree_A0.png,0,0.559154,2.543571,0.545454,0.395317,0.694505,0.56371,0.597383,0.395992,1.730437,1.378465,0.995751,0.463098,1.161372,0.443644,0.460216,0.443644
Images/Tree_A0.png,2,0.531592,0.677381,0.761182,0.443107,0.659907,0.660612,0.859889,0.460563,1.144517,1.255391,1.044878,0.810437,0.48359115,0.84269122,0.443303,0.978847
Images/Tree_A0.png,2,0.528406,0.597267,1.162305,0.477274,0.677138,0.748019,0.746813,0.693193,1.47884,1.14488,0.87716,0.593005,0.72785265,0.73187674,0.443168,0.97675
Images/Tree_A1.png,1,2.845725,0.761312,0.66062,0.395917,0.745463,0.678575,0.612614,0.432701,1.974875,1.178894,1.014091,0.828673,1.375026,0.808908,0.575075,0.808908
Images/Tree_A1.png,0,0.530129,0.779058,0.613083,0.498273,0.830461,0.561743,0.730845,0.644935,1.609965,1.179483,0.864743,0.58095,0.845387,0.548983,0.411333,0.548983
Images/Tree_A1.png,2,0.495513,1.26517,1.223499,0.460343,0.882804,0.576043,1.007733,0.541183,1.128169,1.265223,1.828307,1.112031,0.56824215,0.98757834,0.489289,1.444862
Images/Tree_A1.png,2,0.945034,0.531374,1.227255,0.366105,0.744173,0.578403,0.760856,0.461002,0.993949,1.462475,0.844775,0.545218,0.4840521,0.74563888,0.494765,1.059585
Images/Tree_A2.png,1,3.228413,0.710138,0.598456,0.395247,0.659062,0.646596,0.696743,0.550048,1.675956,1.214713,0.928129,0.979678,1.543919,0.41169,0.558351,0.41169
Images/Tree_A2.png,0,0.483098,0.762045,0.593721,0.410339,0.728626,0.676206,0.692993,0.565591,1.696669,1.093289,0.893895,0.429557,0.659149,0.42573,0.444006,0.42573
Images/Tree_A2.png,2,0.843847,1.228198,1.382295,0.461441,0.844334,0.713483,1.111467,0.87892,1.131219,1.310133,0.976504,0.681962,0.922866,1.08923766,0.427103,0.849248
Images/Tree_A2.png,2,1.01191,0.626297,0.679055,0.326082,0.827264,0.78155,0.928519,0.532271,1.059772,1.143015,1.129568,0.514036,0.55888455,0.90994862,0.399411,0.995728
Images/Tree_A3.png,1,4.529733,0.730283,0.576082,0.394676,0.700535,0.647859,0.86595,0.592531,1.647954,1.177959,0.912008,0.497098,1.294886,0.477605,0.562915,0.477605
Images/Tree_A3.png,0,0.308868,1.264893,0.578786,0.393967,0.648294,0.614936,0.67889,0.44809,2.21147,1.027964,0.860698,0.347914,0.879068,0.428897,0.495438,0.428897
Images/Tree_A3.png,2,0.577655,0.494019,0.644353,0.443649,0.64673,0.631209,0.861147,0.108297,1.028745,1.628442,1.660536,0.611039,0.11371185,0.84392406,0.41139,0.96443
Images/Tree_A3.png,2,2.262,0.710419,0.961953,0.427242,0.694615,0.698316,0.781006,0.4941,1.177432,1.306176,0.811095,0.795842,0.518805,0.76538588,0.41387,0.779085
Images/Tree_A4.png,1,4.029198,0.720918,0.581559,0.361801,0.812352,0.6599,0.696262,0.563728,1.993778,1.12755,0.828928,0.62995,1.277608,0.462214,0.51227,0.462214
Images/Tree_A4.png,0,0.66202,0.943488,0.438303,0.393884,0.560094,0.626762,0.679442,0.481135,1.566983,1.229314,0.894623,0.845541,0.645568,0.444432,0.510577,0.444432
Images/Tree_A4.png,2,0.678611,1.210679,0.926608,0.398285,0.76156,0.764715,0.809425,0.442393,1.046141,1.128785,1.594812,0.512584,0.46451265,0.7932365,0.464822,1.078228
Images/Tree_A4.png,2,0.780918,0.510169,0.661932,0.396376,0.878178,0.666527,0.67669,0.48179,0.979788,1.39619,2.8298,0.695952,0.5058795,0.6631562,0.378885,1.030306
Images/Tree_A5.png,1,2.977761,0.657394,0.711582,0.443072,0.677427,0.550424,0.744813,0.509787,1.682371,1.378054,0.843225,0.980173,1.043832,0.794262,0.527848,0.794262
Images/Tree_A5.png,0,0.37691,1.210916,0.447517,0.377413,0.579323,0.565753,0.731413,0.380318,2.860155,1.111256,0.698312,0.430108,1.128213,0.39401,0.444638,0.39401
Images/Tree_A5.png,2,0.676462,0.528288,1.109565,0.597891,1.027527,0.608856,1.178683,0.396741,1.264255,1.59756,1.028056,0.911749,0.41657805,1.15510934,0.426604,0.998329
Images/Tree_A5.png,2,3.261938,0.578326,1.54887,0.553843,0.933083,0.62769,0.765827,0.447896,1.29422,1.262541,0.979775,0.492248,0.4702908,0.75051046,0.412469,0.796369
Images/Tree_A6.png,1,5.797981,0.678522,0.610776,0.612532,0.81017,0.676902,0.763767,0.551481,1.710664,1.144915,0.9472,1.014342,1.532764,0.777686,0.545687,0.777686
Images/Tree_A6.png,0,0.74407,1.51185,0.560767,0.36571,0.627064,0.542702,0.80925,0.531699,2.732323,1.145273,0.893713,0.658583,0.948518,0.395739,0.511922,0.395739
Images/Tree_A6.png,2,0.777692,0.860249,0.911273,0.582124,0.827705,0.982583,0.87876,0.433966,1.111485,1.427355,1.9621,0.612133,0.4556643,0.8611848,0.44442,1.159772
Images/Tree_A6.png,2,1.645159,0.96626,0.629927,0.465453,0.830583,0.724231,0.849028,0.666635,1.262285,1.545,1.980529,0.945044,0.69996675,0.83204744,0.376678,1.097573
Images/Tree_A7.png,1,4.029023,0.759224,0.593748,0.360996,0.78274,0.727919,0.764249,0.56259,1.896495,1.294204,0.879508,1.014386,0.827402,0.414012,0.46027,0.414012
Images/Tree_A7.png,0,0.927731,0.799146,0.578885,0.459182,0.729634,0.7819,0.749703,0.57515,2.125821,1.361944,0.895664,0.581848,1.977243,0.927358,0.827746,0.927358
Images/Tree_A7.png,2,0.728026,1.161076,0.756575,0.412829,0.995058,0.797847,2.62913,0.611059,1.793965,1.809608,0.743406,0.59298,0.64161195,2.5765474,0.468818,1.027163
Images/Tree_A7.png,2,1.10098,0.558885,0.877943,0.353821,0.895083,0.727662,0.778733,0.51111,1.077318,1.27781,0.610688,0.847367,0.5366655,0.76315834,0.394253,0.926831