DispImage,Images/Fern_A0.png,Images/Fern_A0.png,Images/Fern_A100.png,Images/Fern_A100.png,Images/Fern_A12800.png,Images/Fern_A12800.png,Images/Fern_A1600.png,Images/Fern_A1600.png,Images/Fern_A200.png,Images/Fern_A200.png,Images/Fern_A3200.png,Images/Fern_A3200.png,Images/Fern_A400.png,Images/Fern_A400.png,Images/Fern_A6400.png,Images/Fern_A6400.png,Images/Fern_A800.png,Images/Fern_A800.png,Images/Fern_B0.png,Images/Fern_B0.png,Images/Fern_B100.png,Images/Fern_B100.png,Images/Fern_B12800.png,Images/Fern_B12800.png,Images/Fern_B1600.png,Images/Fern_B1600.png,Images/Fern_B200.png,Images/Fern_B200.png,Images/Fern_B3200.png,Images/Fern_B3200.png,Images/Fern_B400.png,Images/Fern_B400.png,Images/Fern_B6400.png,Images/Fern_B6400.png,Images/Fern_B800.png,Images/Fern_B800.png,Images/Fractal_Curves_A0.png,Images/Fractal_Curves_A0.png,Images/Fractal_Curves_A1.png,Images/Fractal_Curves_A1.png,Images/Fractal_Curves_A2.png,Images/Fractal_Curves_A2.png,Images/Fractal_Curves_A3.png,Images/Fractal_Curves_A3.png,Images/Fractal_Curves_A4.png,Images/Fractal_Curves_A4.png,Images/Fractal_Curves_A5.png,Images/Fractal_Curves_A5.png,Images/Fractal_Curves_B0.png,Images/Fractal_Curves_B0.png,Images/Fractal_Curves_B1.png,Images/Fractal_Curves_B1.png,Images/Fractal_Curves_B2.png,Images/Fractal_Curves_B2.png,Images/Fractal_Curves_B3.png,Images/Fractal_Curves_B3.png,Images/Fractal_Curves_B4.png,Images/Fractal_Curves_B4.png,Images/Fractal_Curves_B5.png,Images/Fractal_Curves_B5.png,Images/Fractal_Curves_C0.png,Images/Fractal_Curves_C0.png,Images/Fractal_Curves_C1.png,Images/Fractal_Curves_C1.png,Images/Fractal_Curves_C2.png,Images/Fractal_Curves_C2.png,Images/Fractal_Curves_C3.png,Images/Fractal_Curves_C3.png,Images/Fractal_Curves_C4.png,Images/Fractal_Curves_C4.png,Images/Fractal_Curves_C5.png,Images/Fractal_Curves_C5.png,Images/Fractal_Curves_D0.png,Images/Fractal_Curves_D0.png,Images/Fractal_Curves_D1.png,Images/Fractal_Curves_D1.png,Images/Fractal_Curves_D2.png,Images/Fractal_Curves_D2.png,Images/Fractal_Curves_D3.png,Images/Fractal_Curves_D3.png,Images/Fractal_Curves_D4.png,Images/Fractal_Curves_D4.png,Images/Fractal_Curves_D5.png,Images/Fractal_Curves_D5.png,Images/Fractal_Curves_E0.png,Images/Fractal_Curves_E0.png,Images/Fractal_Curves_E1.png,Images/Fractal_Curves_E1.png,Images/Fractal_Curves_E2.png,Images/Fractal_Curves_E2.png,Images/Fractal_Curves_E3.png,Images/Fractal_Curves_E3.png,Images/Fractal_Curves_E4.png,Images/Fractal_Curves_E4.png,Images/Fractal_Curves_E5.png,Images/Fractal_Curves_E5.png,Images/Hilbert_0.png,Images/Hilbert_0.png,Images/Hilbert_1.png,Images/Hilbert_1.png,Images/Hilbert_2.png,Images/Hilbert_2.png,Images/Hilbert_3.png,Images/Hilbert_3.png,Images/Hilbert_4.png,Images/Hilbert_4.png,Images/Hilbert_5.png,Images/Hilbert_5.png,Images/Moore_0.png,Images/Moore_0.png,Images/Moore_1.png,Images/Moore_1.png,Images/Moore_2.png,Images/Moore_2.png,Images/Moore_3.png,Images/Moore_3.png,Images/Moore_4.png,Images/Moore_4.png,Images/Moore_5.png,Images/Moore_5.png,Images/Pythagoras_A0.png,Images/Pythagoras_A0.png,Images/Pythagoras_A1.png,Images/Pythagoras_A1.png,Images/Pythagoras_A2.png,Images/Pythagoras_A2.png,Images/Pythagoras_A3.png,Images/Pythagoras_A3.png,Images/Pythagoras_B0.png,Images/Pythagoras_B0.png,Images/Pythagoras_B1.png,Images/Pythagoras_B1.png,Images/Pythagoras_B2.png,Images/Pythagoras_B2.png,Images/Pythagoras_B3.png,Images/Pythagoras_B3.png,Images/Sierpinski_A0.png,Images/Sierpinski_A0.png,Images/Sierpinski_A1.png,Images/Sierpinski_A1.png,Images/Sierpinski_A2.png,Images/Sierpinski_A2.png,Images/Sierpinski_A3.png,Images/Sierpinski_A3.png,Images/Sierpinski_A4.png,Images/Sierpinski_A4.png,Images/Sierpinski_B0.png,Images/Sierpinski_B0.png,Images/Sierpinski_B1.png,Images/Sierpinski_B1.png,Images/Sierpinski_B2.png,Images/Sierpinski_B2.png,Images/Sierpinski_B3.png,Images/Sierpinski_B3.png,Images/Sierpinski_B4.png,Images/Sierpinski_B4.png,Images/Sierpinski_B5.png,Images/Sierpinski_B5.png,Images/Tree_A0.png,Images/Tree_A0.png,Images/Tree_A1.png,Images/Tree_A1.png,Images/Tree_A2.png,Images/Tree_A2.png,Images/Tree_A3.png,Images/Tree_A3.png,Images/Tree_A4.png,Images/Tree_A4.png,Images/Tree_A5.png,Images/Tree_A5.png,Images/Tree_A6.png,Images/Tree_A6.png,Images/Tree_A7.png,Images/Tree_A7.png,Images/Fern_A0.png,Images/Fern_A100.png,Images/Fern_A12800.png,Images/Fern_A1600.png,Images/Fern_A200.png,Images/Fern_A3200.png,Images/Fern_A400.png,Images/Fern_A6400.png,Images/Fern_A800.png,Images/Fern_B0.png,Images/Fern_B100.png,Images/Fern_B12800.png,Images/Fern_B1600.png,Images/Fern_B200.png,Images/Fern_B3200.png,Images/Fern_B400.png,Images/Fern_B6400.png,Images/Fern_B800.png,Images/Fractal_Curves_A0.png,Images/Fractal_Curves_A1.png,Images/Fractal_Curves_A2.png,Images/Fractal_Curves_A3.png,Images/Fractal_Curves_A4.png,Images/Fractal_Curves_A5.png,Images/Fractal_Curves_B0.png,Images/Fractal_Curves_B1.png,Images/Fractal_Curves_B2.png,Images/Fractal_Curves_B3.png,Images/Fractal_Curves_B4.png,Images/Fractal_Curves_B5.png,Images/Fractal_Curves_C0.png,Images/Fractal_Curves_C1.png,Images/Fractal_Curves_C2.png,Images/Fractal_Curves_C3.png,Images/Fractal_Curves_C4.png,Images/Fractal_Curves_C5.png,Images/Fractal_Curves_D0.png,Images/Fractal_Curves_D1.png,Images/Fractal_Curves_D2.png,Images/Fractal_Curves_D3.png,Images/Fractal_Curves_D4.png,Images/Fractal_Curves_D5.png,Images/Fractal_Curves_E0.png,Images/Fractal_Curves_E1.png,Images/Fractal_Curves_E2.png,Images/Fractal_Curves_E3.png,Images/Fractal_Curves_E4.png,Images/Fractal_Curves_E5.png,Images/Hilbert_0.png,Images/Hilbert_1.png,Images/Hilbert_2.png,Images/Hilbert_3.png,Images/Hilbert_4.png,Images/Hilbert_5.png,Images/Moore_0.png,Images/Moore_1.png,Images/Moore_2.png,Images/Moore_3.png,Images/Moore_4.png,Images/Moore_5.png,Images/Pythagoras_A0.png,Images/Pythagoras_A1.png,Images/Pythagoras_A2.png,Images/Pythagoras_A3.png,Images/Pythagoras_B0.png,Images/Pythagoras_B1.png,Images/Pythagoras_B2.png,Images/Pythagoras_B3.png,Images/Sierpinski_A0.png,Images/Sierpinski_A1.png,Images/Sierpinski_A2.png,Images/Sierpinski_A3.png,Images/Sierpinski_A4.png,Images/Sierpinski_B0.png,Images/Sierpinski_B1.png,Images/Sierpinski_B2.png,Images/Sierpinski_B3.png,Images/Sierpinski_B4.png,Images/Sierpinski_B5.png,Images/Tree_A0.png,Images/Tree_A1.png,Images/Tree_A2.png,Images/Tree_A3.png,Images/Tree_A4.png,Images/Tree_A5.png,Images/Tree_A6.png,Images/Tree_A7.png,Images/Fern_A0.png,Images/Fern_A100.png,Images/Fern_A12800.png,Images/Fern_A1600.png,Images/Fern_A200.png,Images/Fern_A3200.png,Images/Fern_A400.png,Images/Fern_A6400.png,Images/Fern_A800.png,Images/Fern_B0.png,Images/Fern_B100.png,Images/Fern_B12800.png,Images/Fern_B1600.png,Images/Fern_B200.png,Images/Fern_B3200.png,Images/Fern_B400.png,Images/Fern_B6400.png,Images/Fern_B800.png,Images/Fractal_Curves_A0.png,Images/Fractal_Curves_A1.png,Images/Fractal_Curves_A2.png,Images/Fractal_Curves_A3.png,Images/Fractal_Curves_A4.png,Images/Fractal_Curves_A5.png,Images/Fractal_Curves_B0.png,Images/Fractal_Curves_B1.png,Images/Fractal_Curves_B2.png,Images/Fractal_Curves_B3.png,Images/Fractal_Curves_B4.png,Images/Fractal_Curves_B5.png,Images/Fractal_Curves_C0.png,Images/Fractal_Curves_C1.png,Images/Fractal_Curves_C2.png,Images/Fractal_Curves_C3.png,Images/Fractal_Curves_C4.png,Images/Fractal_Curves_C5.png,Images/Fractal_Curves_D0.png,Images/Fractal_Curves_D1.png,Images/Fractal_Curves_D2.png,Images/Fractal_Curves_D3.png,Images/Fractal_Curves_D4.png,Images/Fractal_Curves_D5.png,Images/Fractal_Curves_E0.png,Images/Fractal_Curves_E1.png,Images/Fractal_Curves_E2.png,Images/Fractal_Curves_E3.png,Images/Fractal_Curves_E4.png,Images/Fractal_Curves_E5.png,Images/Hilbert_0.png,Images/Hilbert_1.png,Images/Hilbert_2.png,Images/Hilbert_3.png,Images/Hilbert_4.png,Images/Hilbert_5.png,Images/Moore_0.png,Images/Moore_1.png,Images/Moore_2.png,Images/Moore_3.png,Images/Moore_4.png,Images/Moore_5.png,Images/Pythagoras_A0.png,Images/Pythagoras_A1.png,Images/Pythagoras_A2.png,Images/Pythagoras_A3.png,Images/Pythagoras_B0.png,Images/Pythagoras_B1.png,Images/Pythagoras_B2.png,Images/Pythagoras_B3.png,Images/Sierpinski_A0.png,Images/Sierpinski_A1.png,Images/Sierpinski_A2.png,Images/Sierpinski_A3.png,Images/Sierpinski_A4.png,Images/Sierpinski_B0.png,Images/Sierpinski_B1.png,Images/Sierpinski_B2.png,Images/Sierpinski_B3.png,Images/Sierpinski_B4.png,Images/Sierpinski_B5.png,Images/Tree_A0.png,Images/Tree_A1.png,Images/Tree_A2.png,Images/Tree_A3.png,Images/Tree_A4.png,Images/Tree_A5.png,Images/Tree_A6.png,Images/Tree_A7.png
direction,random,random,random,random,random,random,random,random,random,random,random,random,random,random,random,random,random,random,random,random,random,random,random,random,random,random,random,random,random,random,random,random,random,random,random,random,random,random,random,random,random,random,random,random,random,random,random,random,random,random,random,random,random,random,random,random,random,random,random,random,random,random,random,random,random,random,random,random,random,random,random,random,random,random,random,random,random,random,random,random,random,random,random,random,random,random,random,random,random,random,random,random,random,random,random,random,random,random,random,random,random,random,random,random,random,random,random,random,random,random,random,random,random,random,random,random,random,random,random,random,random,random,random,random,random,random,random,random,random,random,random,random,random,random,random,random,random,random,random,random,random,random,random,random,random,random,random,random,random,random,random,random,random,random,random,random,random,random,random,random,random,random,random,random,random,random,random,random,random,random,random,random,random,random,growth,growth,growth,growth,growth,growth,growth,growth,growth,growth,growth,growth,growth,growth,growth,growth,growth,growth,growth,growth,growth,growth,growth,growth,growth,growth,growth,growth,growth,growth,growth,growth,growth,growth,growth,growth,growth,growth,growth,growth,growth,growth,growth,growth,growth,growth,growth,growth,growth,growth,growth,growth,growth,growth,growth,growth,growth,growth,growth,growth,growth,growth,growth,growth,growth,growth,growth,growth,growth,growth,growth,growth,growth,growth,growth,growth,growth,growth,growth,growth,growth,growth,growth,growth,growth,growth,growth,decay,decay,decay,decay,decay,decay,decay,decay,decay,decay,decay,decay,decay,decay,decay,decay,decay,decay,decay,decay,decay,decay,decay,decay,decay,decay,decay,decay,decay,decay,decay,decay,decay,decay,decay,decay,decay,decay,decay,decay,decay,decay,decay,decay,decay,decay,decay,decay,decay,decay,decay,decay,decay,decay,decay,decay,decay,decay,decay,decay,decay,decay,decay,decay,decay,decay,decay,decay,decay,decay,decay,decay,decay,decay,decay,decay,decay,decay,decay,decay,decay,decay,decay,decay,decay,decay,decay
a,1.243279,0.893457,0.531614,1.227791,3.47839,6.513505,0.489779,2.647314,0.861791,0.798069,4.418558,1.245016,1.928901,0.561349,3.295976,5.31301,1.028383,3.145721,0.681069,0.945376,4.744061,0.575769,0.845579,1.029016,0.649227,0.628518,1.079803,0.711462,1.794653,0.612453,0.628888,0.779072,1.011154,1.81278,0.827128,0.525807,2.240607,0.865279,4.748199,0.624134,0.562213,1.830735,4.138495,1.12825,3.129108,2.646186,4.846054,1.811812,0.978344,0.645266,0.99556,0.794916,1.994872,1.377511,4.029691,1.31219,1.36303,1.229335,2.962066,1.676759,1.09553,1.094347,0.862257,1.128215,1.49571,1.445715,1.144639,1.660615,1.177896,1.344578,1.378314,1.694742,1.112626,0.712208,0.845843,3.031968,0.87655,1.060772,0.810787,1.045286,1.511757,2.545703,3.531151,1.495436,0.578943,1.227407,0.397617,3.276973,1.729785,0.528709,1.262847,0.963241,3.877095,0.812339,1.99701,1.615459,1.162101,1.128217,2.078287,1.127512,1.900118,1.128227,1.544023,1.744975,5.16097,1.296808,1.527904,1.579097,0.543839,0.77827,1.14502,0.745014,1.028332,0.477127,1.279095,1.028782,2.22966,1.095238,1.712074,0.89553,0.813833,0.838851,0.909482,0.844048,1.395409,0.759519,1.622559,0.545075,1.677035,1.911197,1.929426,1.679278,1.795494,2.347778,3.896536,1.811176,1.111926,0.960621,1.129188,1.094751,0.827831,1.294253,1.861579,0.812711,2.01182,1.127398,0.827226,0.627967,0.843132,0.627705,0.728784,0.878094,0.715353,0.67761,0.895675,1.029277,1.228066,0.862625,0.531592,0.528406,0.495513,0.945034,0.843847,1.01191,0.577655,2.262,0.678611,0.780918,0.676462,3.261938,0.777692,1.645159,0.728026,1.10098,0.861596,4.193562,5.332558,4.997603,6.55042,1.880344,5.412209,5.448737,5.68124,1.028374,1.730295,2.797759,2.097939,2.448371,2.728163,1.012769,7.01236,0.447154,2.454904,3.190945,3.629646,5.245218,6.949836,4.029552,1.562052,4.079791,5.944925,7.851937,7.645757,3.147151,2.261629,3.963825,5.812362,5.846944,5.1962,6.462436,0.560348,2.145745,3.576412,4.163899,4.081281,3.866222,1.662772,2.795182,4.64701,8.446136,4.11377,2.010699,1.143338,2.13075,4.900113,4.126057,3.882142,4.945632,0.595373,2.477922,2.611194,2.943475,3.43436,3.495777,2.495327,5.130095,4.812521,3.02868,1.027832,2.961569,3.262425,5.879341,0.66095,0.577196,0.87933,1.009314,2.532563,1.211885,0.94255,1.454638,2.206267,3.211189,1.947716,0.862899,2.845725,3.228413,4.529733,4.029198,2.977761,5.797981,4.029023,0.980288,0.931569,3.129375,0.581241,0.595256,1.009624,0.59776,1.928447,0.575498,0.745421,0.611469,2.31495,0.438884,0.478587,0.659033,0.644773,1.251738,0.426505,2.177585,1.095245,1.343931,2.328522,5.496962,4.561626,0.728358,1.094369,1.261227,1.644079,3.20523,2.972074,0.711707,1.244745,2.394961,3.795086,3.215487,3.245734,0.67629,0.844645,1.078836,1.112042,2.461357,3.045182,0.561516,0.79442,1.645418,4.763865,2.045224,1.928733,0.810664,0.695682,0.52925,0.709983,1.545889,2.527837,0.578058,0.746754,0.494074,0.564921,0.910042,1.22788,0.930856,1.047316,2.593275,4.328416,0.698384,0.460635,1.545882,1.710383,0.462021,0.880313,0.726899,1.011681,2.210815,0.578509,0.677005,0.694978,0.561679,0.728874,3.8652,0.559154,0.530129,0.483098,0.308868,0.66202,0.37691,0.74407,0.927731
b,0.594972,0.725191,0.756308,0.628032,0.811742,0.731073,0.86402,0.677293,0.592676,0.761223,0.727938,0.628652,0.728123,0.561569,0.627109,0.698193,0.545204,0.578745,0.944659,0.694411,0.977805,0.576954,0.561319,1.495515,0.529275,1.097378,0.762383,0.528967,0.581534,0.57798,0.627995,0.795026,0.791843,0.765006,0.544934,0.476528,0.858508,0.78128,0.778601,0.542859,0.762958,0.61259,1.3716,0.746695,0.826471,0.611519,0.711993,0.732242,0.794743,0.6131,0.760664,0.57695,0.677759,0.596277,0.878724,0.744246,0.627589,0.541778,0.578771,0.66045,0.610371,0.677674,0.561147,0.628859,0.514065,0.741685,0.765359,0.627631,0.590203,0.594439,0.584415,0.778749,0.626244,0.548588,0.493247,0.525737,0.631276,0.529172,0.630861,0.59368,0.578811,0.548584,0.494594,0.89743,0.528483,1.328727,0.642174,0.927596,0.710429,1.061603,0.566833,0.549252,0.710978,1.044515,0.55489,0.711098,0.760872,0.895593,0.633093,0.698078,1.070515,0.824849,0.6322,0.710666,0.894658,0.677218,0.604029,0.626887,0.87848,0.611273,0.545311,0.828271,0.594816,0.644247,0.645299,0.562146,0.662702,0.745671,1.344438,0.594148,0.693369,0.626746,0.745091,0.728923,1.044319,0.559757,0.731029,0.878456,0.77671,0.577887,0.893938,0.794448,4.263395,0.977258,0.99812,0.7119,1.010522,0.895891,0.806929,0.692805,0.748692,0.72802,0.861499,0.695504,0.72008,0.778282,0.881914,0.843792,0.726876,0.807803,1.144177,0.757764,0.618715,1.015049,0.61156,0.492888,0.511018,0.845377,0.677381,0.597267,1.26517,0.531374,1.228198,0.626297,0.494019,0.710419,1.210679,0.510169,0.528288,0.578326,0.860249,0.96626,1.161076,0.558885,1.215362,2.994959,2.095654,1.662006,2.211757,1.061363,1.995468,1.761692,1.627235,1.595559,1.812422,0.865571,0.922353,0.927192,0.727772,1.931373,1.794417,1.020335,1.438282,1.716639,2.978908,2.41113,2.615672,3.278293,1.445549,3.396211,2.444972,2.812753,3.577303,1.931917,1.380249,1.247447,1.564399,1.59597,1.815205,4.095302,0.828419,1.260411,0.962294,0.81001,0.859448,1.514234,0.862811,1.010917,1.044513,1.496072,0.761972,0.694339,1.144413,2.293774,1.577609,1.531819,1.676497,1.303465,0.992793,1.532842,1.19534,5.545483,1.962024,1.345543,2.661737,4.979344,3.196173,1.411402,0.743478,1.027993,1.430531,1.329302,0.211693,0.97798,0.927438,0.744888,0.794864,0.910989,0.79572,0.810372,0.843648,0.861853,0.728613,0.998784,0.761312,0.710138,0.730283,0.720918,0.657394,0.678522,0.759224,0.778562,0.7435,0.927366,0.911184,0.762796,1.02841,0.911009,1.12812,1.144476,0.910905,0.961918,0.778005,0.977039,0.928292,0.845987,1.998725,0.893788,1.06231,1.394762,1.178608,1.628096,3.845276,1.679667,2.094822,1.247569,1.610343,2.378282,1.523633,1.370937,2.060229,1.295381,1.044809,1.346587,1.111753,1.578613,1.39491,1.060953,0.82875,0.77831,0.926335,1.429272,1.111295,1.782436,0.977974,0.693682,0.662018,0.828225,0.844412,1.01229,0.86491,0.793704,1.127305,1.178687,1.389964,1.026815,1.060927,1.728507,1.778676,1.077889,0.84477,0.695393,0.745218,0.844402,0.845299,0.746473,1.044706,0.745297,0.762296,0.84512,1.010739,0.795723,0.778893,1.261497,0.893381,0.814755,0.944259,0.794481,0.711711,2.163295,2.543571,0.779058,0.762045,1.264893,0.943488,1.210916,1.51185,0.799146
c,0.410028,0.427686,0.645229,0.577397,0.84916,0.39513,0.81136,0.761048,0.779457,0.643266,0.845564,0.427367,0.49419,0.461693,0.61158,0.476749,0.443277,0.395644,0.745603,0.744998,0.979294,0.744797,1.011205,0.746213,0.476351,0.612303,0.461714,0.476229,0.544324,0.87684,0.678014,0.712407,0.945535,0.479995,0.665955,0.461021,0.660453,0.661499,0.610894,0.645352,0.528628,0.462265,0.827009,0.866756,0.828596,0.499752,0.942082,0.528554,1.126285,0.827972,0.612849,0.645801,0.510776,0.895588,0.980214,1.061232,1.112664,0.761299,0.745359,0.741732,0.961521,1.010445,0.598203,0.777786,0.877261,1.078791,1.777729,0.910022,0.460982,0.432717,0.862252,0.528322,0.660942,0.628774,0.844843,0.71192,0.50952,0.892843,1.296643,1.113875,0.596734,1.449457,1.395402,0.980853,0.779445,0.562614,1.010722,1.026669,0.510766,0.611176,0.445476,0.443887,0.464903,1.293772,1.043974,0.462399,0.595557,0.431886,0.57925,1.027965,0.760069,0.428325,1.161081,0.879438,1.060096,0.643733,1.315913,0.959767,0.997544,0.927042,0.895928,0.4723,0.62663,0.561569,1.012726,0.99485,0.828928,1.026985,0.577278,0.55485,0.775568,0.62901,0.846345,0.560478,0.461701,0.528646,0.860516,1.112066,0.511967,0.562926,0.5111,0.444984,1.211319,0.648299,1.010306,0.878183,1.060983,1.195234,0.827301,0.445397,0.75998,0.915543,0.661148,0.846167,0.844595,0.727938,0.823352,0.795224,0.961166,0.494878,0.644019,1.14473,0.786707,0.977756,0.560213,0.97745,1.242958,1.011188,0.761182,1.162305,1.223499,1.227255,1.382295,0.679055,0.644353,0.961953,0.926608,0.661932,1.109565,1.54887,0.911273,0.629927,0.756575,0.877943,0.944904,0.925878,0.645622,0.559932,0.665106,0.527893,0.660844,0.46161,0.562899,0.643394,0.665969,1.145209,0.377017,0.442058,0.427984,0.399676,0.760835,0.6118,1.267164,1.375216,0.894631,1.242687,1.333723,0.876901,0.861719,0.811822,0.72574,0.781464,0.610736,0.978686,0.94245,0.548733,0.543244,0.563997,0.676447,0.547987,0.59353,0.559898,0.197819,0.777665,0.611372,0.744445,0.569682,0.57668,0.758274,0.878383,0.7255,0.499025,1.098965,0.612004,0.810366,0.594699,0.494952,0.660154,0.548382,0.54544,0.428555,0.661148,0.578137,0.609159,0.931391,1.027469,1.394406,0.914258,0.592302,0.611844,0.592133,0.56405,0.710074,0.665649,0.576957,0.579208,0.62741,0.51202,0.448343,0.545278,0.529866,0.945207,0.528037,0.744565,0.66062,0.598456,0.576082,0.581559,0.711582,0.610776,0.593748,0.561961,0.427232,0.460288,0.42785,0.479523,0.412628,0.494338,0.444149,0.427586,0.640933,0.629279,0.527172,0.66102,0.676809,0.678788,0.762928,0.761474,0.844017,0.726938,0.62761,0.715115,0.658701,0.744853,0.800728,0.577985,0.594316,0.77869,0.660103,0.615701,1.180514,0.581017,0.560863,0.593764,0.712055,0.544172,0.727935,0.743114,0.679471,0.910524,0.714571,0.644369,0.578147,0.67942,0.643119,0.543619,0.729151,0.612438,0.523697,0.527126,0.581741,0.527486,0.597684,0.574292,0.734324,0.528246,0.743804,0.663018,0.629778,0.559579,0.533271,0.829461,0.665624,0.759652,0.57781,0.474687,0.512782,0.515035,0.558566,0.492742,0.724428,0.57482,0.538528,0.492898,1.059675,0.778503,0.761054,0.611376,0.461208,0.527688,0.545454,0.613083,0.593721,0.578786,0.438303,0.447517,0.560767,0.578885
d,0.610278,0.559706,0.543645,0.409348,0.478424,0.728171,0.378464,0.426273,0.428171,0.67767,0.762097,0.377815,0.3785,0.512239,0.578275,0.495607,0.26177,0.465732,0.414404,0.494621,0.409945,0.393003,0.494406,0.627038,0.695538,0.493263,0.511834,0.295226,0.410519,0.512296,0.563199,0.943864,0.327553,0.66518,0.562035,0.394205,0.562999,0.628604,0.528307,0.461357,0.429254,0.343798,0.705233,0.460216,0.694627,0.378355,0.360027,0.328455,0.358544,0.64257,0.477151,0.512594,0.466781,0.744832,0.39797,0.595141,0.747554,0.679412,0.730329,0.559375,0.576989,0.612302,0.561734,0.494525,0.644859,0.579145,0.842677,0.626788,0.662441,0.381186,0.730958,0.443497,0.676447,0.610492,0.548866,0.877892,0.611592,0.544271,0.662956,0.562267,0.514014,0.912101,0.544553,0.710855,0.796822,0.496496,0.525768,0.459206,0.711584,0.445194,0.411885,0.842087,1.181864,0.596607,0.454396,0.428517,0.943214,0.393055,0.360941,0.412924,0.660406,0.331348,0.563158,0.529884,0.644824,0.44418,0.609499,0.546184,0.527043,0.827825,0.527694,0.344878,0.495875,0.343683,0.776813,0.560927,0.448806,0.343231,0.442982,0.478099,0.399427,0.92908,0.343066,0.594156,1.112476,0.475985,0.379092,0.495246,0.427827,0.39399,0.5479,0.412191,0.475746,0.415656,0.494679,0.576724,0.562291,0.510521,0.577666,0.376399,0.430817,0.395299,0.46106,0.377977,0.362334,0.411761,0.409786,0.629731,0.413612,0.539601,0.394259,0.411284,0.380895,0.444238,0.527175,0.394429,0.39372,0.393875,0.443107,0.477274,0.460343,0.366105,0.461441,0.326082,0.443649,0.427242,0.398285,0.396376,0.597891,0.553843,0.582124,0.465453,0.412829,0.353821,0.850377,0.544063,0.611992,0.496102,0.407503,0.477941,0.444428,0.793517,0.374232,0.425702,0.416642,0.411965,0.36209,0.478834,0.361354,0.359886,0.344417,0.295158,0.80669,1.167124,1.111255,0.444578,0.411573,0.377299,0.32759,0.344413,0.327921,0.325989,0.332483,0.710885,0.458874,0.280504,0.363102,0.331887,0.326959,0.394244,0.362245,0.362161,0.277498,0.278393,0.278664,0.310311,0.494383,0.330076,0.376275,0.392652,0.314057,0.294603,0.443498,0.357753,0.417304,0.409798,0.61205,0.344412,0.645475,0.911327,0.427284,0.429056,0.377384,0.37656,0.899747,0.329584,0.326386,0.39453,0.495,0.360382,0.34664,0.893283,0.544102,0.361407,0.325859,0.345477,0.377691,0.545438,0.3085,0.332744,0.39388,0.344815,0.528289,0.661022,0.395917,0.395247,0.394676,0.361801,0.443072,0.612532,0.360996,0.511457,0.378118,0.711313,0.328672,0.39529,0.360715,0.327535,0.393814,0.361335,0.396522,0.359598,0.578302,0.311361,0.366764,0.326999,0.359436,0.562108,0.378505,0.348489,0.277168,0.478199,0.261344,0.42822,0.311728,0.39647,0.427061,0.345657,0.360124,0.461736,0.512429,0.327559,0.306589,0.279515,0.228605,0.426396,0.395684,0.664987,0.675952,0.561958,0.827997,0.278698,0.29548,0.778225,0.411087,0.378021,0.443372,0.344432,0.643651,0.445919,0.444545,0.393858,0.397586,0.411913,0.860264,0.680255,0.413619,0.396923,0.413594,0.479596,0.41347,0.380637,0.310815,0.427355,0.577262,0.378903,0.32719,0.327917,0.328642,0.397409,0.36064,0.360709,0.378865,0.694524,0.444328,0.382549,0.359994,0.361982,0.359963,0.428397,0.395317,0.498273,0.410339,0.393967,0.393884,0.377413,0.36571,0.459182
e,0.77671,0.859244,0.880398,0.744154,0.860795,0.694422,0.827306,0.908547,0.778629,0.733863,0.911633,0.799358,0.815493,0.843289,0.932569,0.895504,0.861144,0.875773,0.932755,0.895297,0.847943,0.793262,0.710461,0.796429,0.762099,0.711751,0.844251,0.713095,0.762145,0.877341,0.809193,0.778021,0.59792,0.666265,0.678837,0.711105,0.95688,0.810687,0.915095,0.99815,0.481581,0.942789,1.132716,0.682479,1.011984,0.811408,0.92711,0.829369,0.861531,0.776412,0.730544,0.780868,0.850263,0.790902,0.826921,0.89908,0.833417,0.766244,0.875633,0.793147,0.828335,0.749374,0.727009,0.746211,0.89451,1.115999,0.744375,1.061162,0.79672,0.693353,0.760718,0.929045,0.849308,0.743819,0.794413,0.778127,0.979546,0.775824,1.044539,0.911937,0.925572,0.894204,0.833136,0.761086,0.942944,0.778999,0.876657,0.812746,0.743911,0.948885,0.910894,0.713184,0.863911,0.743317,0.865938,0.74987,0.844767,0.936883,0.876381,0.842739,0.814687,0.311572,0.895643,0.892699,0.843286,0.933136,0.978877,0.77793,0.778108,0.798675,0.877901,0.812446,0.778583,0.825647,0.795495,0.793517,0.8324,0.793577,0.8639,0.915335,0.916541,0.830898,1.031785,0.828924,0.942137,0.832891,0.892839,0.844028,0.795628,0.711465,1.126665,0.760383,0.777466,0.700287,0.599722,0.731797,0.778348,0.75944,0.89387,0.847445,0.803135,0.758321,0.811013,0.733553,0.728816,0.74458,0.713516,0.749755,0.798324,0.645298,0.883098,0.876797,0.761989,0.662469,0.77945,0.96073,0.843132,0.762253,0.659907,0.677138,0.882804,0.744173,0.844334,0.827264,0.64673,0.694615,0.76156,0.878178,1.027527,0.933083,0.827705,0.830583,0.995058,0.895083,0.712365,0.909137,1.026554,0.727076,0.882061,0.74451,0.759699,0.92795,0.764679,0.746939,0.659867,0.629734,0.780992,0.714783,0.898542,0.725696,0.76094,0.730605,0.521043,0.697391,0.71745,0.727161,0.728781,1.029682,0.799241,0.761108,0.943407,0.946923,0.910816,0.911119,0.679592,0.842926,0.847183,0.829043,0.842779,0.675396,0.643806,0.812177,0.814003,0.779021,0.809025,0.716604,0.681467,0.741923,0.765568,0.726836,0.880582,0.775818,0.693891,0.593973,0.694537,0.716058,0.760834,0.86088,0.651723,0.709529,0.796528,0.841503,0.960554,0.732824,0.764419,0.896595,0.896414,0.961799,0.828718,0.861882,0.876008,1.297687,0.761451,0.82957,0.895892,0.879652,0.79439,0.682559,0.715663,0.724851,0.698422,0.564341,0.532676,0.726323,0.745463,0.659062,0.700535,0.812352,0.677427,0.81017,0.78274,0.811183,0.793647,0.797891,0.763683,0.846558,0.762315,0.777484,0.845023,0.827867,0.725716,0.728664,0.775987,0.66038,0.663386,0.679088,0.659324,0.646514,0.712303,0.763026,0.747681,0.677595,0.661873,0.8498,1.048117,0.682197,1.093616,0.760159,1.064198,0.942769,0.946991,0.745648,0.677435,0.898881,0.760451,0.611606,0.766568,0.658449,0.663359,0.681953,0.710169,0.728728,0.945266,0.683936,0.759901,0.579921,0.74453,0.777257,0.849629,0.644659,0.717585,0.692185,0.777594,0.717064,0.776444,0.677387,0.631064,0.713738,0.57656,1.246071,0.811942,0.731394,0.859512,0.830534,0.993942,0.882939,0.843592,0.798961,0.830568,0.630648,0.744165,0.782511,0.826152,0.913347,0.51273,0.71666,0.642156,0.578695,0.580036,0.74805,0.694505,0.830461,0.728626,0.648294,0.560094,0.579323,0.627064,0.729634
f,0.659098,0.733477,0.746725,0.593964,0.945059,0.825316,0.710931,0.776732,0.676918,0.779437,0.699109,0.699132,0.899873,0.782207,0.730505,0.946432,0.843082,0.745467,0.944546,0.979524,0.615484,0.697629,0.981681,0.582315,0.975589,0.67826,0.81251,0.812244,0.79437,0.913119,0.661316,0.529497,0.660458,0.809312,0.493222,0.648059,0.68139,0.661768,0.8954,0.829026,0.96234,0.711568,1.08931,0.747648,0.848877,0.879322,0.712317,0.811431,0.629874,0.69319,0.894669,1.026233,0.981927,0.778791,0.7267,0.911894,0.682992,0.958515,0.815907,0.947909,0.745337,0.797885,0.779726,0.766249,0.915106,0.761061,0.712531,0.795813,0.660238,0.693421,0.765139,0.694184,0.731899,0.613689,0.614736,0.676521,0.7959,0.846754,0.661995,0.748971,0.74445,0.744005,0.715811,0.710198,0.749257,0.880396,0.743791,0.70945,0.697805,0.796168,0.728299,0.743215,0.745068,0.77999,0.716428,0.579022,0.69159,0.735597,0.732849,0.709904,0.612684,0.826132,0.667627,0.643397,0.81551,0.609757,0.709336,0.631979,0.862099,0.911939,1.014211,0.828787,0.896897,0.743388,1.013929,0.745026,0.91068,0.711355,0.812256,0.949178,0.726283,0.797277,0.816839,0.642075,0.878966,0.562217,0.682145,0.71594,0.71536,0.657945,0.762505,0.593929,0.999448,0.88374,0.829439,0.746107,0.615045,0.547042,0.59326,0.697425,0.594142,0.730767,0.827595,0.514762,0.694863,0.592005,0.64325,0.562879,0.646565,0.632193,0.581901,0.704502,0.713158,0.646073,0.611479,0.74419,0.74512,0.676171,0.660612,0.748019,0.576043,0.578403,0.713483,0.78155,0.631209,0.698316,0.764715,0.666527,0.608856,0.62769,0.982583,0.724231,0.797847,0.727662,0.782244,0.794163,0.812393,0.728177,0.710575,1.049597,0.746792,0.928874,0.714334,0.844018,0.780939,0.650052,0.883092,0.74438,0.760304,0.765773,0.707851,0.795876,0.762746,0.886066,0.82765,0.878045,0.981551,1.077159,1.048038,1.15956,0.930017,0.832272,0.966276,1.194683,0.794984,0.859734,1.299237,1.04603,1.044425,0.694648,0.731615,0.84439,0.913496,0.698433,0.845111,0.66481,0.829369,0.777801,0.612835,0.894623,0.678994,0.628259,0.815875,0.693468,0.664715,0.865819,1.00935,0.796127,0.758753,0.761902,0.730373,0.764829,0.791901,0.732461,0.825686,0.714522,0.660984,0.78395,0.826628,0.643829,0.631649,0.628409,0.681826,0.760669,0.863254,0.710279,0.646845,0.660092,0.630243,0.728464,0.645489,0.731789,0.953354,0.715423,0.678575,0.646596,0.647859,0.6599,0.550424,0.676902,0.727919,0.76084,0.911733,0.963334,0.726335,0.832655,0.982843,0.860558,0.731304,0.798845,0.782626,0.675976,0.829594,0.662922,0.712617,0.63106,0.581712,0.64287,0.612136,0.976864,1.028445,0.879879,0.911743,0.912606,1.226681,0.793483,0.82931,0.896864,0.715376,0.810598,1.261842,0.743063,0.713447,0.746892,0.645071,0.795767,0.843743,0.644831,0.677288,0.681683,0.726407,0.711621,0.763057,0.698063,0.774877,0.564599,0.781282,0.71077,0.929673,0.629718,0.71667,0.728078,0.716455,0.881259,1.178165,0.679846,0.744693,0.699064,0.745469,0.75853,0.862948,0.661636,0.850413,0.643852,0.642739,0.611392,0.715147,0.564721,0.695221,0.832229,0.611335,0.544438,0.560125,0.680771,0.658418,0.6831,0.562071,0.696335,0.548683,0.807934,0.56371,0.561743,0.676206,0.614936,0.626762,0.565753,0.542702,0.7819
g,0.678782,0.645268,0.628756,0.611688,0.540897,0.666398,0.809669,0.510763,0.594278,0.561684,0.661443,0.646006,0.533947,0.644148,0.544678,0.627834,0.543428,0.52856,0.761369,0.744646,0.676128,0.595794,0.861329,0.827967,0.710905,0.766784,0.695376,0.727207,0.843838,0.679212,0.712507,0.594525,0.695433,0.645093,0.7598,0.716597,0.709135,0.658861,0.750197,0.727556,0.749289,0.628243,0.733903,0.701298,0.826787,0.678271,0.761357,0.74276,0.678226,0.76234,0.614977,0.728811,0.644006,0.675663,0.592321,0.695595,0.678332,0.795944,0.647768,0.696503,0.683462,0.578753,0.708723,0.72692,0.76588,0.69514,0.645458,0.743967,0.62702,0.709832,0.629833,0.715884,0.698573,0.661228,0.762051,0.832369,0.783051,0.762039,0.811903,0.609388,0.676032,0.682211,0.659948,0.742283,0.645498,0.795815,0.763339,0.827763,0.627491,0.711059,0.578276,0.759658,0.64959,0.698832,0.690445,0.778067,0.728488,0.609615,0.726027,0.694727,0.595933,0.667023,0.58337,0.661813,0.676806,0.733379,0.645079,0.609465,0.594892,0.659643,0.644243,0.666763,0.678111,0.732085,0.643397,0.629692,0.644128,0.659546,0.726454,0.629392,0.861227,0.793115,0.743984,0.762291,0.695326,0.827398,0.745637,0.779527,0.744384,0.759812,0.778409,0.65941,0.793029,0.694457,0.618644,0.850293,0.874635,0.812764,0.829051,0.761225,0.878305,0.796138,1.09527,0.815588,0.831891,0.626733,0.749072,0.847749,0.727622,0.711709,0.709389,0.816647,0.682927,0.812157,0.743376,0.64489,0.764625,0.712182,0.859889,0.746813,1.007733,0.760856,1.111467,0.928519,0.861147,0.781006,0.809425,0.67669,1.178683,0.765827,0.87876,0.849028,2.62913,0.778733,0.577371,0.544461,0.616199,0.545219,0.529378,0.593744,0.575578,0.577301,0.56513,0.575356,0.580343,0.628004,0.558781,0.630436,0.600336,0.582759,0.678408,0.695613,0.581332,0.511175,0.543694,0.545718,0.493553,0.57887,0.511837,0.611223,0.561269,0.51182,0.575903,0.58199,0.516411,0.544528,0.612083,0.543876,0.494389,0.661735,0.527519,0.594758,0.595383,0.561626,0.577834,0.661316,0.647317,0.662645,0.59417,0.760259,0.51565,0.645935,0.663318,0.5929,0.649684,0.610609,0.561759,0.661358,0.630418,0.628594,0.544657,0.615555,0.581526,0.774676,0.845934,0.628161,0.515356,0.680187,0.533038,0.609957,0.565992,0.593022,0.597474,0.611949,0.614318,0.594296,0.681926,0.649043,0.579082,0.67907,0.578648,0.578149,0.632694,0.83918,0.612614,0.696743,0.86595,0.696262,0.744813,0.763767,0.764249,0.614169,0.664306,0.560421,0.592974,0.547384,0.494275,0.615483,0.612398,0.579532,0.593965,0.594635,0.645583,0.476048,0.527338,0.566948,0.56091,0.592465,0.616495,0.588709,0.544843,0.594905,0.529538,0.560273,0.528241,0.594387,0.495594,0.527802,0.560883,0.547258,0.560481,0.578225,0.576599,0.52812,0.499111,0.526059,0.544377,0.542261,0.516177,0.575538,0.516314,0.531551,0.592052,0.544339,0.528268,0.516298,0.541749,0.533546,0.542441,0.543859,0.528443,0.645045,0.71272,0.644507,0.760688,0.630653,0.575898,0.629414,0.611461,0.611876,0.548793,0.616049,0.597321,0.827514,0.564011,0.698452,0.65896,0.580517,0.613721,0.645023,0.580379,0.56485,0.530441,0.595082,0.680663,0.629142,0.526751,0.615216,0.625902,0.662727,0.597383,0.730845,0.692993,0.67889,0.679442,0.731413,0.80925,0.749703
h,0.545275,0.661343,0.460821,0.531982,0.592484,0.475282,0.483189,0.481626,0.580114,0.727509,0.679188,0.45889,0.632493,0.492927,0.576594,0.442371,0.496245,0.53374,0.661255,0.613508,0.714445,0.495932,0.646154,0.824435,0.643308,0.593104,0.760313,0.579963,0.716636,0.793534,0.578591,0.841246,0.611992,0.571414,0.562403,0.799341,0.595687,0.559508,0.567056,0.659837,0.527183,0.517138,0.51017,0.533237,0.532448,0.492509,0.495659,0.498815,0.494968,0.691166,0.526051,0.604959,0.494327,0.513431,0.531808,0.530957,0.528084,0.610951,0.710524,0.664997,0.526807,0.577566,1.016625,0.625764,0.509032,0.478175,1.14272,0.626747,0.813944,0.677625,0.699041,1.08307,0.713616,0.610932,0.960455,0.577832,1.312045,0.575323,0.666639,0.546767,0.543491,0.812697,0.595462,0.766534,0.912986,0.728243,0.661416,0.611767,0.660819,0.726626,0.63073,0.628285,0.663611,0.611506,0.748553,0.695074,0.593777,0.59335,0.576468,0.613212,0.744111,0.710541,0.566402,0.729682,0.628258,0.663434,0.816159,0.644428,0.561042,0.629788,0.479558,0.693421,0.594413,0.542888,0.565988,0.596906,0.493787,0.679113,0.678332,0.609926,0.550075,0.394923,0.694657,0.39316,1.112863,0.533132,0.826849,0.844723,0.643637,0.594279,0.694895,0.777225,0.777716,0.779392,0.679931,0.763896,0.463908,0.52694,0.511678,0.578219,0.596561,0.581012,0.528421,0.679808,0.544132,0.644126,0.478685,0.542478,0.562915,0.562269,0.661743,0.781731,0.565654,0.694285,0.69441,0.61271,0.559282,0.678031,0.460563,0.693193,0.541183,0.461002,0.87892,0.532271,0.108297,0.4941,0.442393,0.48179,0.396741,0.447896,0.433966,0.666635,0.611059,0.51111,0.327239,0.366128,0.332585,0.294267,0.311387,0.328606,0.343686,0.327554,0.311087,0.59418,0.462443,0.4308,0.412106,0.376166,0.444944,0.409319,0.409354,0.565559,0.41299,0.411892,0.46151,0.545161,0.527466,0.478171,0.397092,0.392605,0.381902,0.563307,0.411228,0.377449,0.526008,0.442352,0.54961,0.640961,0.449475,0.828217,0.394211,0.378075,0.360882,0.37637,0.562047,0.495093,0.594603,0.528393,0.510928,0.428308,0.594173,0.480179,0.36205,0.325693,0.347996,0.362605,0.343311,0.448142,0.413432,0.343161,0.347196,0.328027,0.310924,0.411952,0.428463,0.345102,0.579162,0.628708,0.381295,0.548388,0.678588,0.844543,0.565658,0.582638,0.527103,0.496991,0.613504,0.494235,0.577482,0.513731,0.811429,0.610834,0.713203,0.646236,0.432701,0.550048,0.592531,0.563728,0.509787,0.551481,0.56259,0.532539,0.377296,0.397398,0.34316,0.360127,0.427216,0.493921,0.411204,0.432849,0.648888,0.358277,0.412254,0.392611,0.345088,0.382717,0.346957,0.494141,0.361561,0.530312,0.461871,0.494377,0.444973,0.44442,0.711335,0.366332,0.358962,0.362456,0.376511,0.444129,0.544214,0.343447,0.347343,0.359634,0.345783,0.378479,0.377809,0.545318,0.521388,0.497183,0.396546,0.45985,0.43022,0.663392,0.560531,0.21111,0.349446,0.426233,0.543855,0.449557,0.459761,0.545836,0.514027,0.511307,0.460202,0.365561,0.343181,0.377319,0.331926,0.376197,0.51147,0.296021,0.447649,0.393709,0.778226,0.64441,0.49489,0.463899,0.760361,0.443917,0.328282,0.333313,0.325473,0.633541,0.497804,0.397923,0.497318,0.493254,0.678052,0.494773,0.395992,0.644935,0.565591,0.44809,0.481135,0.380318,0.531699,0.57515
i,1.278048,1.226496,1.295035,1.377685,1.46199,1.139195,1.337723,1.078716,0.778415,0.999496,1.027104,1.09468,1.011368,1.310634,0.480262,1.125777,0.878888,1.499694,1.32871,0.978366,0.993064,0.776516,1.428768,1.295065,1.093823,1.278134,0.965031,0.829381,1.077965,1.128102,1.260913,0.944915,1.278219,1.512024,1.032376,1.42778,0.86192,0.810866,1.011829,0.860095,0.764828,0.795562,0.694659,2.161314,2.060967,0.611051,0.693579,0.545886,0.928423,0.84476,0.960113,1.012074,0.980567,0.877734,0.810938,0.811716,1.343872,1.180375,0.7813,1.333224,2.04397,0.843517,1.002908,1.479238,1.876743,0.898487,2.479938,1.113557,1.594378,1.282396,1.210345,1.211414,1.510867,0.810923,0.96275,0.794378,1.02757,0.876994,0.662716,1.37842,1.127882,1.009785,0.844631,2.880381,0.711178,0.79723,1.011626,1.295096,0.961013,0.844344,1.09438,0.911529,0.728291,0.728331,1.711573,1.294338,1.095526,0.911926,0.693284,1.311301,1.011879,1.02819,1.014515,0.777373,0.778416,1.01102,1.211853,1.161052,1.344853,0.911177,1.196622,0.724958,1.193911,1.111312,1.161496,1.293819,1.459365,0.89627,1.062658,0.763886,1.044603,1.194562,1.528986,1.128686,1.427705,1.011862,1.428402,1.345118,1.061304,1.094234,1.128478,1.328633,1.126901,0.878062,1.544295,1.411478,1.045333,0.430398,1.020691,1.056746,0.978435,1.22768,1.075903,0.946463,1.096568,1.244519,0.947841,1.094472,0.661685,0.893497,2.165363,1.011935,1.610753,0.911879,1.39391,0.380477,1.462373,0.909338,1.144517,1.47884,1.128169,0.993949,1.131219,1.059772,1.028745,1.177432,1.046141,0.979788,1.264255,1.29422,1.111485,1.262285,1.793965,1.077318,1.528433,1.128631,0.929594,1.178653,1.177891,1.146499,1.194999,1.077141,1.159878,1.52772,1.730014,1.209143,1.49631,1.675676,1.528731,1.651147,1.293928,1.54288,0.827612,0.82914,0.861532,0.844789,1.044183,1.177764,0.839776,0.759245,1.032019,1.143144,0.946609,0.916159,0.810249,1.116881,1.227919,0.877822,1.327502,1.295567,0.911452,1.227976,0.960674,0.878119,0.946118,0.966397,0.996144,0.909782,0.928794,0.811035,1.012749,0.895178,1.028458,0.928464,0.960405,0.945524,0.980362,1.044221,0.998979,0.81185,1.045,1.011091,1.091212,1.429564,1.37892,1.228863,1.343195,1.362067,1.245056,1.426904,1.627952,1.664035,1.212496,1.27828,1.295966,1.259908,1.31512,1.580399,1.415054,1.313455,1.527178,1.378304,1.511615,1.821526,1.974875,1.675956,1.647954,1.993778,1.682371,1.710664,1.896495,1.191626,0.861213,1.093847,1.062586,0.880758,0.927819,0.935158,1.028456,0.977352,1.26165,1.077519,1.348381,1.243138,1.261514,1.129414,1.261329,1.162181,1.178775,0.828593,0.861157,0.877699,0.727705,0.843994,1.029604,0.628389,0.831785,0.976312,0.961563,1.127571,1.66049,0.786796,0.863354,0.860057,0.897672,1.04417,1.77718,0.897142,0.876527,0.712391,0.844686,0.911105,1.078297,0.878195,0.977964,0.795612,0.97619,0.995393,0.995164,0.878425,1.127866,1.012079,0.877424,1.078101,1.077236,1.094883,0.87733,0.912682,1.077858,1.228132,1.31065,1.428245,1.677119,1.378493,1.794461,1.594323,1.248606,1.563541,2.130025,1.12784,1.362238,1.29533,1.394554,1.711608,1.245478,1.111168,1.261385,1.298975,1.626032,1.51227,1.730437,1.609965,1.696669,2.21147,1.566983,2.860155,2.732323,2.125821
j,1.378201,1.328601,1.761363,0.681414,1.344416,1.11371,0.826389,1.128918,1.312829,0.909851,2.046091,0.894303,1.528913,0.728505,2.191996,0.844529,1.195241,0.711211,0.995802,1.361539,1.426688,0.695338,1.034781,1.861848,0.794391,0.944216,0.929604,1.394544,0.977753,1.427187,1.025636,0.780436,1.228531,1.064096,1.127811,1.094362,1.662236,1.995119,1.060483,1.0968,1.458688,1.444887,0.981372,1.495295,0.799517,1.761492,1.615345,0.960741,1.296962,1.360579,1.960677,1.49542,1.609732,1.213807,1.798917,1.295948,1.698928,0.948687,1.709748,1.964432,1.293403,1.727981,1.344836,1.128683,1.128579,1.527347,1.946856,0.811217,1.578911,1.559959,1.727215,1.199432,1.262345,1.47709,1.094544,1.2444,1.312047,1.094863,1.760639,1.428769,1.481416,1.897746,1.628547,1.412321,1.211287,1.144506,1.395583,2.061584,1.195164,0.911882,1.378395,1.828276,1.382266,0.913233,1.079735,1.328249,0.863633,1.881171,2.074161,1.397225,1.012993,1.714327,1.148204,0.915324,1.120606,1.698546,1.558677,1.544019,0.850338,1.082059,1.078908,1.777412,1.311031,1.645042,1.408441,1.210827,1.510867,0.361098,1.010231,1.446169,0.827047,1.027537,1.311396,1.013433,1.413948,1.073446,0.947918,1.696573,1.628162,1.278729,2.012271,1.060558,1.515333,1.493578,1.696515,1.728513,1.064161,1.36072,1.256306,1.347542,1.296235,1.433854,1.39329,1.226664,1.328391,1.311725,1.478071,1.394908,1.494221,1.295792,1.261831,1.260654,1.311531,1.394677,1.460983,1.361451,1.599534,1.463629,1.255391,1.14488,1.265223,1.462475,1.310133,1.143015,1.628442,1.306176,1.128785,1.39619,1.59756,1.262541,1.427355,1.545,1.809608,1.27781,0.798842,0.727127,0.581428,0.666083,0.760115,0.593093,0.698248,0.658879,0.693799,0.944561,0.844568,0.761284,0.744181,0.810962,0.745131,0.828924,0.745361,0.795197,0.832037,0.944575,1.109914,1.013186,0.913653,0.829523,0.827982,0.827709,0.878071,0.827996,0.831057,0.878222,0.978346,1.076202,1.431601,1.061626,1.444595,1.027204,0.911494,1.045151,0.827291,0.776673,0.799005,0.711525,0.9786,0.778017,0.776834,0.577259,0.676849,0.648275,0.778731,0.726384,0.63062,0.746383,0.917054,0.807713,0.877165,0.810636,0.748387,0.69514,0.677876,0.693766,0.778068,0.745257,0.744533,0.759672,0.811044,0.77883,0.810594,1.044261,0.875898,0.611428,0.894508,0.794801,0.795323,1.22797,1.098626,1.06065,0.863212,0.912055,0.828613,1.432611,1.178894,1.214713,1.177959,1.12755,1.378054,1.144915,1.294204,0.629757,0.547039,0.878143,0.64441,0.579534,0.61716,0.664791,0.725925,0.592793,0.693049,0.778632,0.727022,0.694749,0.627739,0.695812,0.711124,0.777038,0.595352,0.69462,0.68064,0.712145,0.694165,0.695988,0.698348,0.879968,0.808252,0.913076,0.664648,0.725072,0.928488,0.745363,0.794922,0.894388,0.977895,1.013581,0.97831,0.865011,0.894047,0.728312,0.745376,0.760957,0.894814,1.010918,0.845261,1.164523,1.043092,0.980549,0.710308,0.77913,0.648643,0.713336,0.646727,0.746499,0.763691,0.610579,0.811988,0.628988,0.594629,0.594939,0.630476,0.694225,0.812375,0.794282,0.798902,0.795196,0.778627,0.898583,1.080427,0.781488,0.778013,0.778023,0.745096,0.861669,0.851618,0.880951,0.745976,0.74477,0.897906,0.793167,1.378465,1.179483,1.093289,1.027964,1.229314,1.111256,1.145273,1.361944
k,0.926357,0.931159,1.74434,0.859667,1.029312,1.179233,1.493797,0.811665,1.028031,0.909922,0.774745,1.097558,1.296385,0.711662,1.796831,0.815658,1.547668,1.112297,1.213288,0.987842,1.560241,1.011232,2.428048,1.462078,2.112074,1.528156,2.362747,1.226721,2.509848,1.643444,1.294922,1.644209,2.097437,1.480112,1.893887,1.162645,1.129327,0.978186,2.115583,1.246104,1.628077,0.765332,1.111349,1.044884,0.859125,0.626009,0.812804,1.896353,1.500168,1.984094,0.727483,0.83022,1.878499,0.728713,1.211175,1.014847,1.455324,0.594117,1.095035,0.432262,0.910485,1.448529,1.130473,1.04415,1.226645,1.314371,1.497141,1.197406,1.961944,0.594411,0.844845,1.264882,1.612978,1.280706,0.710673,0.828448,2.06022,1.043926,1.815488,0.997102,0.662976,1.129809,0.976607,0.783393,0.65921,1.294898,0.77584,0.715092,1.346584,0.760353,1.012263,0.745708,0.762096,1.194326,1.228443,0.778995,0.909442,0.812657,1.376482,1.078393,0.944013,0.910031,1.311667,0.430042,1.098478,1.376613,0.743554,0.911639,1.814822,0.910098,2.045921,0.843596,2.34424,2.429693,1.728237,0.914864,0.661629,0.695307,1.561673,2.581211,1.92846,1.446793,0.744482,0.763643,2.413182,1.044686,2.432467,2.112159,1.781501,1.345741,1.014608,1.113621,2.131553,1.311322,2.795547,1.159327,1.178854,0.635687,2.111867,0.696745,1.161284,0.88173,1.29791,0.809554,1.626952,2.162279,0.872156,1.342646,1.526871,1.180126,1.377294,0.879021,1.446906,1.731084,0.963739,0.913836,1.777448,0.578779,1.044878,0.87716,1.828307,0.844775,0.976504,1.129568,1.660536,0.811095,1.594812,2.8298,1.028056,0.979775,1.9621,1.980529,0.743406,0.610688,0.994493,0.962567,0.827114,0.861837,0.909764,0.877958,0.963168,0.828685,0.794118,0.877165,1.081121,1.061726,1.17824,1.045367,1.027323,0.980296,1.128154,1.146024,0.621334,0.86332,0.540032,0.778799,0.692464,0.848021,0.760394,0.748341,0.744394,0.894702,0.781932,0.744565,0.744707,0.860737,0.862224,1.894508,0.830465,0.82741,0.843643,0.844787,0.777972,0.77699,0.782006,0.828674,0.963457,1.048517,0.827857,0.861913,0.761914,0.928018,0.627639,0.73194,0.893661,0.812506,0.811313,0.641451,0.769896,1.009025,1.044629,1.062102,0.977558,1.010877,0.861968,0.860149,1.599173,0.876416,1.262526,0.927813,1.011886,0.977519,1.152671,0.710095,1.027086,1.010613,1.011555,1.059665,0.879344,0.877425,1.032093,0.894834,0.960653,1.435371,1.014091,0.928129,0.912008,0.828928,0.843225,0.9472,0.879508,0.992812,0.678539,1.078273,0.828218,0.711043,0.844359,0.84481,0.861205,0.711969,0.911745,0.82702,1.127531,0.912506,0.943619,0.977266,0.949531,0.961559,1.02778,0.712473,0.593574,0.795187,0.582576,0.745638,0.81019,0.639829,0.635584,0.797933,0.713434,0.730238,0.810022,0.728237,0.78072,0.642738,0.777957,0.694754,0.894013,0.811309,0.598512,0.759436,0.779832,0.830356,0.743884,0.678509,0.761436,0.610967,0.678522,0.83111,0.843666,0.846659,0.75835,0.845665,1.062122,0.831829,0.760669,0.627338,0.597389,0.725607,0.965238,0.976804,0.895553,0.978708,0.916559,0.979714,0.879672,1.161226,0.845417,0.831046,0.978379,0.911124,1.02905,0.980265,1.007827,1.083558,0.861004,0.978713,0.878221,0.811859,0.892905,1.078904,0.995751,0.864743,0.893895,0.860698,0.894623,0.698312,0.893713,0.895664
l,0.445675,0.326172,0.726462,0.829376,0.694906,0.510277,0.711474,0.509651,0.744438,0.577946,0.626491,0.649556,0.411299,0.731998,1.345696,0.711887,0.431892,0.478262,0.714236,0.826442,0.578279,0.461296,0.994598,0.794652,0.38078,0.511978,0.661765,0.526056,0.49301,0.763698,0.660875,0.944022,0.660898,0.629375,0.697561,0.543842,0.795599,0.62719,0.710912,1.079362,0.962134,0.877353,0.545865,0.845711,0.576156,0.56005,0.627757,0.828179,0.946888,0.52691,1.248746,0.745388,1.627038,0.829445,0.980601,0.961871,0.861206,0.76499,0.676387,0.777355,0.810413,0.328463,0.413549,1.196153,1.314507,0.830336,0.863146,0.660813,1.111852,1.243539,1.162944,0.644048,0.494707,0.662703,1.695278,0.747863,0.925896,0.747422,0.796966,0.497127,1.213483,0.83072,0.814339,0.960764,0.640814,0.760391,0.777744,0.593868,0.929665,0.511181,0.777799,0.510724,0.577918,0.528473,0.82808,0.780674,0.690162,0.727312,0.659669,0.679219,0.445369,0.560272,0.770559,0.695778,0.912533,0.798808,0.711905,0.728056,0.694673,0.631086,0.426844,1.06019,0.561088,0.427006,0.760359,0.814659,1.179917,0.477865,0.816066,0.679915,0.677803,0.746969,0.494482,0.748275,0.699301,0.528608,0.87876,0.479105,0.644025,0.594459,0.744041,0.509377,0.9778,0.579724,0.477931,0.728086,0.778538,0.459831,0.77994,0.513218,0.862815,0.509978,0.426877,0.528533,0.962088,0.761355,0.99359,0.609616,0.394112,0.495007,0.596948,0.828918,1.071777,1.078731,0.576663,0.593355,1.136109,0.596121,0.810437,0.593005,1.112031,0.545218,0.681962,0.514036,0.611039,0.795842,0.512584,0.695952,0.911749,0.492248,0.612133,0.945044,0.59298,0.847367,0.749197,0.928024,0.427645,0.510559,0.444797,0.545366,0.544482,0.710603,0.527757,0.89587,1.477896,0.814937,0.693844,0.610978,0.643292,0.71246,0.612731,0.628093,0.530561,0.49707,0.516573,0.518757,0.816362,0.478026,0.927438,0.495062,0.461415,0.710119,0.830368,0.827465,0.544415,0.847256,0.860767,0.527801,0.511542,0.709849,0.727271,0.728371,0.825978,0.577947,0.577583,0.69514,1.061436,0.727648,0.762259,0.744521,0.860518,0.827461,0.781802,0.5276,0.727714,0.894899,0.611314,0.910481,1.027008,0.613342,0.747142,0.629777,0.663261,0.896681,0.397559,1.461092,0.978634,0.377322,0.913037,0.647763,0.916272,1.510825,1.029073,0.546498,0.780078,0.481722,0.530806,0.912834,0.679477,0.697224,0.862908,0.762942,0.496549,1.195243,0.828673,0.979678,0.497098,0.62995,0.980173,1.014342,1.014386,0.84957,0.508657,1.045422,0.477691,0.728208,0.477916,0.462914,0.510394,0.460887,0.743109,0.510347,0.993828,0.411754,0.460833,0.920679,0.565457,0.463719,0.453403,0.694831,0.544606,0.494192,0.578287,0.427956,0.795514,0.728733,0.480263,0.487188,0.538113,0.412723,0.430165,0.762151,0.577848,0.61125,0.427523,0.444739,0.412155,0.762211,0.575633,0.511702,0.515795,0.3759,0.961213,0.611182,0.528057,0.460739,0.511137,0.495096,0.427442,0.678693,0.877664,0.609781,0.927442,0.677668,0.614763,0.511416,0.713743,0.513449,0.595958,0.530862,0.496628,0.411095,0.394098,0.614394,0.760243,0.609656,0.611819,0.460339,1.19556,0.54658,0.647153,0.480105,0.713789,0.862518,0.680102,0.647704,0.546167,0.413519,0.429727,0.680169,0.463098,0.58095,0.429557,0.347914,0.845541,0.430108,0.658583,0.581848
m,0.57253875,0.69441015,0.48386205,0.5585811,0.6221082,0.4990461,0.50734845,0.5057073,0.6091197,0.76388445,0.7131474,0.4818345,0.66411765,0.51757335,0.6054237,0.46448955,0.52105725,0.560427,0.69431775,0.6441834,0.75016725,0.5207286,0.6784617,0.86565675,0.6754734,0.6227592,0.79832865,0.60896115,0.7524678,0.8332107,0.60752055,0.8833083,0.6425916,0.5999847,0.59052315,0.83930805,0.62547135,0.5874834,0.5954088,0.69282885,0.55354215,0.5429949,0.5356785,0.55989885,0.5590704,0.51713445,0.52044195,0.52375575,0.5197164,0.7257243,0.55235355,0.63520695,0.51904335,0.53910255,0.5583984,0.55750485,0.5544882,0.64149855,0.7460502,0.69824685,0.55314735,0.6064443,1.06745625,0.6570522,0.5344836,0.50208375,1.199856,0.65808435,0.8546412,0.71150625,0.73399305,1.1372235,0.7492968,0.6414786,1.00847775,0.6067236,1.37764725,0.60408915,0.69997095,0.57410535,0.57066555,0.85333185,0.6252351,0.8048607,0.9586353,0.76465515,0.6944868,0.64235535,0.69385995,0.7629573,0.6622665,0.65969925,0.69679155,0.6420813,0.78598065,0.7298277,0.62346585,0.6230175,0.6052914,0.6438726,0.78131655,0.74606805,0.5947221,0.7661661,0.6596709,0.6966057,0.85696695,0.6766494,0.5890941,0.6612774,0.5035359,0.72809205,0.62413365,0.5700324,0.5942874,0.6267513,0.51847635,0.71306865,0.7122486,0.6404223,0.57757875,0.41466915,0.72938985,0.412818,1.16850615,0.5597886,0.86819145,0.88695915,0.67581885,0.62399295,0.72963975,0.81608625,0.8166018,0.8183616,0.71392755,0.8020908,0.4871034,0.553287,0.5372619,0.60712995,0.62638905,0.6100626,0.55484205,0.7137984,0.5713386,0.6763323,0.50261925,0.5696019,0.59106075,0.59038245,0.69483015,0.82081755,0.5939367,0.72899925,0.7291305,0.6433455,0.5872461,0.71193255,0.48359115,0.72785265,0.56824215,0.4840521,0.922866,0.55888455,0.11371185,0.518805,0.46451265,0.5058795,0.41657805,0.4702908,0.4556643,0.69996675,0.64161195,0.5366655,0.761017,0.849323,0.51284,0.447224,0.593712,0.496719,0.546612,0.463836,0.479719,1.126655,1.080348,0.74512,1.356986,1.364907,0.565482,1.245172,0.69392,1.496265,1.245311,0.74393,1.011422,0.826577,1.148665,0.54427,0.981175,1.095941,0.980389,1.601692,1.575835,0.827641,1.4766,1.030177,1.480536,1.831668,0.863987,1.244039,0.894112,0.978251,0.861181,0.81113,0.594801,1.12762,1.611464,1.027521,0.948868,0.510619,0.760202,0.864662,1.07757,1.295271,0.87774,1.428051,1.477908,0.71137,0.960974,1.094913,0.812666,0.677093,0.926381,1.281501,0.56109,0.539108,1.479112,0.876709,0.961032,0.99472,1.045272,1.127431,1.061357,0.927169,1.030683,0.527527,1.244469,1.229029,1.127687,1.261949,0.893243,0.87804,0.809903,1.141839,1.375026,1.543919,1.294886,1.277608,1.043832,1.532764,0.827402,0.828584,0.494774,0.896823,0.56451,0.495541,0.430479,0.494473,0.512877,0.446168,0.360252,0.462128,0.72754,0.447209,0.581521,0.380634,0.725238,0.542814,0.561804,0.795945,0.562034,0.610159,0.443597,0.428434,0.945505,0.679839,0.493713,0.344853,0.695246,0.54467,0.577525,0.713916,0.676839,0.478164,1.56175,1.327386,0.565477,1.427925,0.694082,0.612549,1.112423,0.760823,0.761293,0.761948,0.491425,0.845048,1.026461,0.761294,0.986252,0.610082,0.679218,1.678135,1.211486,0.512228,0.559998,0.762699,0.727059,0.444833,0.493853,0.444613,1.162345,0.727565,0.793836,0.477545,1.182607,0.50404,0.593156,0.731601,0.778013,1.029726,0.911439,0.560745,1.028323,0.895324,0.394819,0.678988,0.94365,1.194347,0.861803,0.982477,1.161372,0.845387,0.659149,0.879068,0.645568,1.128213,0.948518,1.977243
n,0.66520636,0.63236264,0.61618088,0.59945424,0.53007906,0.65307004,0.79347562,0.50054774,0.58239244,0.55045032,0.64821414,0.63308588,0.52326806,0.63126504,0.53378444,0.61527732,0.53255944,0.5179888,0.74614162,0.72975308,0.66260544,0.58387812,0.84410242,0.81140766,0.6966869,0.75144832,0.68146848,0.71266286,0.82696124,0.66562776,0.69825686,0.5826345,0.68152434,0.63219114,0.744604,0.70226506,0.6949523,0.64568378,0.73519306,0.71300488,0.73430322,0.61567814,0.71922494,0.68727204,0.81025126,0.66470558,0.74612986,0.7279048,0.66466148,0.7470932,0.60267746,0.71423478,0.63112588,0.66214974,0.58047458,0.6816831,0.66476536,0.78002512,0.63481264,0.68257294,0.66979276,0.56717794,0.69454854,0.7123816,0.7505624,0.6812372,0.63254884,0.72908766,0.6144796,0.69563536,0.61723634,0.70156632,0.68460154,0.64800344,0.74680998,0.81572162,0.76738998,0.74679822,0.79566494,0.59720024,0.66251136,0.66856678,0.64674904,0.72743734,0.63258804,0.7798987,0.74807222,0.81120774,0.61494118,0.69683782,0.56671048,0.74446484,0.6365982,0.68485536,0.6766361,0.76250566,0.71391824,0.5974227,0.71150646,0.68083246,0.58401434,0.65368254,0.5717026,0.64857674,0.66326988,0.71871142,0.63217742,0.5972757,0.58299416,0.64645014,0.63135814,0.65342774,0.66454878,0.7174433,0.63052906,0.61709816,0.63124544,0.64635508,0.71192492,0.61680416,0.84400246,0.7772527,0.72910432,0.74704518,0.68141948,0.81085004,0.73072426,0.76393646,0.72949632,0.74461576,0.76284082,0.6462218,0.77716842,0.68056786,0.60627112,0.83328714,0.8571423,0.79650872,0.81246998,0.7460005,0.8607389,0.78021524,1.0733646,0.79927624,0.81525318,0.61419834,0.73409056,0.83079402,0.71306956,0.69747482,0.69520122,0.80031406,0.66926846,0.79591386,0.72850848,0.6319922,0.7493325,0.69793836,0.84269122,0.73187674,0.98757834,0.74563888,1.08923766,0.90994862,0.84392406,0.76538588,0.7932365,0.6631562,1.15510934,0.75051046,0.8611848,0.83204744,2.5765474,0.76315834,0.709433,0.464533,0.478319,0.429057,0.411508,0.52765,0.380614,0.52834,0.46153,0.811854,0.56098,0.516714,0.494846,0.478078,0.431646,0.428121,0.692445,0.460191,0.693479,0.477987,0.476787,0.482866,0.44415,0.860907,0.748773,0.5115,0.494987,0.509181,0.531207,0.479389,0.861062,0.614328,0.595251,0.378246,0.576381,0.598445,0.730738,0.478484,0.510428,0.411315,0.481664,0.443079,0.89258,0.665509,0.710733,0.612584,0.495448,0.695024,0.728031,0.495008,0.37828,0.525311,0.36602,0.392933,0.839662,0.745811,0.46224,0.460529,0.644968,0.628582,0.826554,0.465863,0.493507,0.661767,0.642683,0.748114,0.459696,0.697976,0.896653,0.476519,0.443646,0.460197,0.514296,0.844819,0.778633,0.377057,0.378772,0.559631,0.627475,0.553262,0.808908,0.41169,0.477605,0.462214,0.794262,0.777686,0.414012,0.514162,0.669472,0.712476,0.426395,0.447697,0.428004,0.411707,0.394292,0.430191,0.628305,0.694328,0.743487,0.412404,0.443823,0.395373,0.4295,0.361473,0.426477,0.411151,0.42818,0.461614,0.411181,0.494944,0.428787,0.565628,0.51001,0.562346,0.360651,0.412369,0.560802,0.576265,0.426731,0.545843,0.627829,0.376251,0.396415,0.460606,0.461299,0.478278,0.411867,0.477991,0.677248,0.460094,0.43076,0.463745,0.513538,0.414233,0.408365,0.44682,0.445401,0.399038,0.40916,0.411304,0.727291,0.545308,0.495045,0.561922,0.427807,0.416214,0.708993,0.444956,0.410367,0.481619,0.7765,0.494132,0.446029,0.449704,0.51036,0.448059,0.461663,0.527262,0.395099,0.729118,0.426663,0.644422,0.394626,0.514908,0.426379,0.780954,0.443644,0.548983,0.42573,0.428897,0.444432,0.39401,0.395739,0.927358
o,0.42784,0.399219,0.378636,0.446097,0.415447,0.394326,0.377677,0.443551,0.393771,0.39619,0.377133,0.411243,0.392207,0.395368,0.410067,0.395223,0.39412,0.394234,0.426624,0.428718,0.393997,0.42796,0.527562,0.391312,0.398851,0.378621,0.410057,0.361309,0.395266,0.394795,0.411724,0.412227,0.376308,0.528509,0.39443,0.382709,0.414163,0.36221,0.377827,0.394088,0.420031,0.361046,0.378426,0.39482,0.380046,0.39014,0.41255,0.395348,0.413362,0.396049,0.397842,0.414096,0.396458,0.396566,0.379566,0.379708,0.377057,0.396769,0.379575,0.395678,0.327348,0.431627,0.378617,0.445115,0.430633,0.410857,0.410097,0.410968,0.394462,0.410366,0.374163,0.393047,0.411578,0.426262,0.426034,0.416302,0.444383,0.363831,0.379396,0.426255,0.42977,0.415156,0.427361,0.430095,0.398574,0.394989,0.430274,0.360362,0.429183,0.42986,0.410991,0.409887,0.462664,0.412374,0.326864,0.39791,0.428538,0.411371,0.426526,0.427238,0.445483,0.425973,0.446787,0.394722,0.427266,0.565651,0.446185,0.428779,0.442984,0.447161,0.42519,0.460787,0.445341,0.394507,0.415367,0.394832,0.414265,0.445046,0.411507,0.427347,0.428829,0.443826,0.477562,0.43176,0.527617,0.444876,0.395261,0.377028,0.528478,0.381722,0.428033,0.411112,0.412764,0.411909,0.411235,0.44028,0.413808,0.365108,0.447844,0.412035,0.394332,0.36065,0.444985,0.444358,0.375828,0.443089,0.427549,0.41099,0.408029,0.438254,0.374104,0.393833,0.478145,0.396268,0.361248,0.395268,0.511365,0.412634,0.443303,0.443168,0.489289,0.494765,0.427103,0.399411,0.41139,0.41387,0.464822,0.378885,0.426604,0.412469,0.44442,0.376678,0.468818,0.394253,0.458481,0.413337,0.394465,0.391303,0.381997,0.394538,0.444751,0.411587,0.378702,0.443615,0.446881,0.392514,0.410876,0.378315,0.410854,0.410842,0.395443,0.411925,0.462665,0.347932,0.445937,0.328701,0.378181,0.394671,0.412793,0.395501,0.396852,0.413673,0.380201,0.413838,0.409566,0.38106,0.378671,0.413476,0.39599,0.414193,0.413116,0.413906,0.430024,0.381475,0.412593,0.412963,0.396928,0.413282,0.380074,0.380225,0.414209,0.412209,0.395257,0.361447,0.410278,0.380702,0.412702,0.396715,0.395723,0.428001,0.392804,0.398497,0.376565,0.37702,0.477815,0.4104,0.461625,0.411173,0.444575,0.460225,0.429335,0.42809,0.499113,0.460558,0.475474,0.477546,0.479586,0.513012,0.461515,0.410525,0.428009,0.394828,0.42799,0.908256,0.575075,0.558351,0.562915,0.51227,0.527848,0.545687,0.46027,0.410344,0.396013,0.458502,0.411709,0.394684,0.395168,0.410982,0.381894,0.362137,0.397145,0.377146,0.382144,0.394967,0.410005,0.428399,0.376434,0.394616,0.394726,0.39463,0.394893,0.379506,0.344306,0.37665,0.345149,0.395575,0.431571,0.396686,0.363662,0.380648,0.412854,0.410012,0.380829,0.364071,0.429887,0.397201,0.363348,0.448828,0.413141,0.393283,0.397816,0.363376,0.397476,0.430632,0.363218,0.428007,0.330978,0.445761,0.381053,0.447253,0.379886,0.358345,0.380104,0.395495,0.386755,0.410778,0.409823,0.395592,0.37791,0.377156,0.381809,0.427882,0.395836,0.427629,0.42789,0.412734,0.476888,0.395586,0.443621,0.493813,0.428446,0.444796,0.443885,0.51124,0.527287,0.459469,0.444607,0.411968,0.48113,0.543325,0.460216,0.411333,0.444006,0.495438,0.510577,0.444638,0.511922,0.827746
p,1.187895,0.88036,0.89377,1.061212,1.395106,0.794761,0.89367,1.111078,0.9105,1.098122,0.992931,0.979951,1.564929,0.894081,1.210216,1.06641,0.710845,1.113742,1.1307,0.792891,1.045399,1.011512,0.997966,0.742423,1.761001,1.261185,0.944802,1.063514,1.411839,1.195118,1.144349,0.546418,0.881774,0.948055,1.178831,0.878415,1.196634,0.993475,0.911974,1.009165,1.095272,0.626333,1.211102,0.928561,1.030291,0.963905,1.112435,0.849324,0.911124,1.028114,1.011387,0.764142,0.845154,1.048595,0.805737,1.030006,0.90826,0.776999,1.092507,0.995666,1.249218,1.245493,0.944162,1.229129,0.892061,0.845626,0.992967,0.898099,1.01177,0.961993,1.144538,1.095232,1.09485,1.399619,1.012651,0.844568,1.262425,1.180099,1.048086,0.96164,0.695167,0.898582,0.94413,0.968539,0.978504,1.199203,0.830844,0.713185,1.224709,0.744625,1.115321,0.828162,0.877706,0.812025,0.926643,0.794724,0.862063,0.76231,1.211879,0.97756,0.879275,0.908915,1.22865,1.161586,1.010412,1.347585,0.945665,0.826576,0.877827,0.645859,1.313603,0.993727,0.997743,0.978619,1.312291,1.430308,0.843228,1.044138,0.528355,0.994346,1.194921,1.015609,0.880737,0.761179,1.391833,0.945914,0.997249,1.02901,1.476647,0.845788,1.049239,0.727512,1.260376,0.948276,0.894556,0.978126,0.846315,0.908837,1.246209,1.048539,1.27666,1.012006,1.144687,1.046985,0.478945,0.8773,1.394709,0.973485,1.077991,0.861791,0.909657,1.077102,1.111894,0.946444,1.09286,1.029396,1.063764,0.943056,0.978847,0.97675,1.444862,1.059585,0.849248,0.995728,0.96443,0.779085,1.078228,1.030306,0.998329,0.796369,1.159772,1.097573,1.027163,0.926831,0.709433,0.464533,0.478319,0.429057,0.411508,0.52765,0.380614,0.52834,0.46153,0.811854,0.56098,0.516714,0.494846,0.478078,0.431646,0.428121,0.692445,0.460191,0.693479,0.477987,0.476787,0.482866,0.44415,0.860907,0.748773,0.5115,0.494987,0.509181,0.531207,0.479389,0.861062,0.614328,0.595251,0.378246,0.576381,0.598445,0.730738,0.478484,0.510428,0.411315,0.481664,0.443079,0.89258,0.665509,0.710733,0.612584,0.495448,0.695024,0.728031,0.495008,0.37828,0.525311,0.36602,0.392933,0.839662,0.745811,0.46224,0.460529,0.644968,0.628582,0.826554,0.465863,0.493507,0.661767,0.642683,0.748114,0.459696,0.697976,0.896653,0.476519,0.443646,0.460197,0.514296,0.844819,0.778633,0.377057,0.378772,0.559631,0.627475,0.553262,0.808908,0.41169,0.477605,0.462214,0.794262,0.777686,0.414012,0.514162,0.669472,0.712476,0.426395,0.447697,0.428004,0.411707,0.394292,0.430191,0.628305,0.694328,0.743487,0.412404,0.443823,0.395373,0.4295,0.361473,0.426477,0.411151,0.42818,0.461614,0.411181,0.494944,0.428787,0.565628,0.51001,0.562346,0.360651,0.412369,0.560802,0.576265,0.426731,0.545843,0.627829,0.376251,0.396415,0.460606,0.461299,0.478278,0.411867,0.477991,0.677248,0.460094,0.43076,0.463745,0.513538,0.414233,0.408365,0.44682,0.445401,0.399038,0.40916,0.411304,0.727291,0.545308,0.495045,0.561922,0.427807,0.416214,0.708993,0.444956,0.410367,0.481619,0.7765,0.494132,0.446029,0.449704,0.51036,0.448059,0.461663,0.527262,0.395099,0.729118,0.426663,0.644422,0.394626,0.514908,0.426379,0.780954,0.443644,0.548983,0.42573,0.428897,0.444432,0.39401,0.395739,0.927358